# Bugcrowd VRT, enriched — columns: id<TAB>priority<TAB>name path<TAB>cvss_v3<TAB>cvss_v4<TAB>cwe
# cvss_v3/cvss_v4 are Bugcrowd's OWN authored vectors for the node ('-' if none); cwe is the mapped CWE.
# source: bugcrowd/vulnerability-rating-taxonomy@v1.19.1   release_date: 2026-07-08T00:00:00+00:00   mappings: cvss_v3:264, cvss_v4:437, cwe:122
ai_application_security.adversarial_example_injection.ai_misclassification_attacks	P4	AI Application Security > Adversarial Example Injection > AI Misclassification Attacks	AV:N/AC:L/PR:N/UI:N/S:C/C:N/I:L/A:L	CVSS:4.0/AV:N/AC:L/AT:N/PR:N/UI:N/VC:N/VI:L/VA:L/SC:N/SI:N/SA:N	-
ai_application_security.ai_safety.misinformation_wrong_factual_data	P4	AI Application Security > AI Safety > Misinformation / Wrong Factual Data	AV:N/AC:L/PR:N/UI:R/S:C/C:N/I:L/A:N	CVSS:4.0/AV:N/AC:L/AT:N/PR:N/UI:P/VC:N/VI:L/VA:N/SC:N/SI:N/SA:N	-
ai_application_security.denial_of_service_dos.application_wide	P2	AI Application Security > Denial-of-Service (DoS) > Application-Wide	AV:N/AC:L/PR:N/UI:N/S:C/C:N/I:N/A:H	CVSS:4.0/AV:N/AC:L/AT:N/PR:N/UI:N/VC:N/VI:N/VA:H/SC:N/SI:N/SA:H	-
ai_application_security.denial_of_service_dos.tenant_scoped	P4	AI Application Security > Denial-of-Service (DoS) > Tenant-Scoped	AV:N/AC:L/PR:N/UI:N/S:C/C:N/I:N/A:L	CVSS:4.0/AV:N/AC:L/AT:N/PR:N/UI:N/VC:N/VI:N/VA:L/SC:N/SI:N/SA:L	-
ai_application_security.improper_input_handling.ansi_escape_codes	P5	AI Application Security > Improper Input Handling > ANSI Escape Codes	AV:N/AC:L/PR:N/UI:R/S:C/C:L/I:L/A:L	CVSS:4.0/AV:N/AC:L/AT:N/PR:N/UI:P/VC:L/VI:L/VA:L/SC:N/SI:N/SA:N	-
ai_application_security.improper_input_handling.rtl_overrides	P5	AI Application Security > Improper Input Handling > RTL Overrides	AV:N/AC:L/PR:N/UI:R/S:C/C:L/I:L/A:L	CVSS:4.0/AV:N/AC:L/AT:N/PR:N/UI:P/VC:L/VI:L/VA:L/SC:N/SI:N/SA:N	-
ai_application_security.improper_input_handling.unicode_confusables	P5	AI Application Security > Improper Input Handling > Unicode Confusables	AV:N/AC:L/PR:N/UI:R/S:C/C:L/I:L/A:L	CVSS:4.0/AV:N/AC:L/AT:N/PR:N/UI:P/VC:L/VI:L/VA:L/SC:N/SI:N/SA:N	-
ai_application_security.improper_output_handling.cross_site_scripting_xss	P3	AI Application Security > Improper Output Handling > Cross-Site Scripting (XSS)	AV:N/AC:L/PR:N/UI:R/S:C/C:L/I:L/A:N	CVSS:4.0/AV:N/AC:L/AT:N/PR:N/UI:P/VC:L/VI:L/VA:N/SC:N/SI:N/SA:N	-
ai_application_security.improper_output_handling.markdown_html_injection	P4	AI Application Security > Improper Output Handling > Markdown/HTML Injection	AV:N/AC:L/PR:N/UI:R/S:C/C:L/I:L/A:N	CVSS:4.0/AV:N/AC:L/AT:N/PR:N/UI:P/VC:L/VI:L/VA:N/SC:N/SI:N/SA:N	-
ai_application_security.insufficient_rate_limiting.query_flooding_api_token_abuse	P4	AI Application Security > Insufficient Rate Limiting > Query Flooding / API Token Abuse	AV:N/AC:L/PR:N/UI:N/S:C/C:N/I:N/A:H	CVSS:4.0/AV:N/AC:L/AT:N/PR:N/UI:N/VC:N/VI:N/VA:H/SC:N/SI:N/SA:H	-
ai_application_security.model_extraction.api_query_based_model_reconstruction	P1	AI Application Security > Model Extraction > API Query-Based Model Reconstruction	AV:N/AC:L/PR:N/UI:N/S:U/C:H/I:N/A:N	CVSS:4.0/AV:N/AC:L/AT:N/PR:N/UI:N/VC:H/VI:N/VA:N/SC:N/SI:N/SA:N	-
ai_application_security.prompt_injection.system_prompt_leakage	P2	AI Application Security > Prompt Injection > System Prompt Leakage	AV:N/AC:L/PR:N/UI:R/S:C/C:H/I:N/A:N	CVSS:4.0/AV:N/AC:L/AT:N/PR:N/UI:P/VC:H/VI:N/VA:N/SC:L/SI:N/SA:N	-
ai_application_security.remote_code_execution.full_system_compromise	P1	AI Application Security > Remote Code Execution > Full System Compromise	AV:N/AC:L/PR:N/UI:N/S:C/C:H/I:H/A:H	CVSS:4.0/AV:N/AC:L/AT:N/PR:N/UI:N/VC:H/VI:H/VA:H/SC:H/SI:H/SA:H	-
ai_application_security.remote_code_execution.sandboxed_container_code_execution	P2	AI Application Security > Remote Code Execution > Sandboxed Container Code Execution	AV:N/AC:H/PR:L/UI:N/S:C/C:L/I:H/A:H	CVSS:4.0/AV:N/AC:H/AT:N/PR:L/UI:N/VC:L/VI:H/VA:H/SC:N/SI:L/SA:L	-
ai_application_security.sensitive_information_disclosure.cross_tenant_pii_leakage_exposure	P1	AI Application Security > Sensitive Information Disclosure > Cross-Tenant PII Leakage/Exposure	AV:N/AC:L/PR:N/UI:N/S:C/C:H/I:N/A:N	CVSS:4.0/AV:N/AC:L/AT:N/PR:N/UI:N/VC:H/VI:N/VA:N/SC:H/SI:N/SA:N	-
ai_application_security.sensitive_information_disclosure.key_leak	P1	AI Application Security > Sensitive Information Disclosure > Key Leak	AV:N/AC:L/PR:N/UI:N/S:U/C:H/I:N/A:N	CVSS:4.0/AV:N/AC:L/AT:N/PR:N/UI:N/VC:H/VI:N/VA:N/SC:N/SI:N/SA:N	-
ai_application_security.training_data_poisoning.backdoor_injection_bias_manipulation	P1	AI Application Security > Training Data Poisoning > Backdoor Injection / Bias Manipulation	AV:N/AC:H/PR:L/UI:N/S:C/C:H/I:H/A:H	CVSS:4.0/AV:N/AC:H/AT:N/PR:L/UI:N/VC:H/VI:H/VA:H/SC:H/SI:H/SA:H	-
ai_application_security.vector_and_embedding_weaknesses.embedding_exfiltration_model_extraction	P2	AI Application Security > Vector and Embedding Weaknesses > Embedding Exfiltration / Model Extraction	AV:N/AC:H/PR:N/UI:N/S:C/C:H/I:N/A:N	CVSS:4.0/AV:N/AC:H/AT:N/PR:N/UI:N/VC:H/VI:N/VA:N/SC:L/SI:N/SA:N	-
ai_application_security.vector_and_embedding_weaknesses.semantic_indexing	P3	AI Application Security > Vector and Embedding Weaknesses > Semantic Indexing	AV:N/AC:H/PR:N/UI:N/S:U/C:L/I:N/A:N	CVSS:4.0/AV:N/AC:H/AT:N/PR:N/UI:N/VC:L/VI:N/VA:N/SC:N/SI:N/SA:N	-
algorithmic_biases.aggregation_bias	P?	Algorithmic Biases > Aggregation Bias	-	CVSS:4.0/AV:N/AC:L/AT:N/PR:N/UI:N/VC:N/VI:N/VA:N/SC:N/SI:N/SA:N	-
algorithmic_biases.processing_bias	P?	Algorithmic Biases > Processing Bias	-	CVSS:4.0/AV:N/AC:L/AT:N/PR:N/UI:N/VC:N/VI:N/VA:N/SC:N/SI:N/SA:N	-
application_level_denial_of_service_dos.app_crash.malformed_android_intents	P5	Application-Level Denial-of-Service (DoS) > App Crash > Malformed Android Intents	-	CVSS:4.0/AV:N/AC:L/AT:N/PR:N/UI:N/VC:N/VI:N/VA:N/SC:N/SI:N/SA:N	-
application_level_denial_of_service_dos.app_crash.malformed_ios_url_schemes	P5	Application-Level Denial-of-Service (DoS) > App Crash > Malformed iOS URL Schemes	-	CVSS:4.0/AV:N/AC:L/AT:N/PR:N/UI:N/VC:N/VI:N/VA:N/SC:N/SI:N/SA:N	-
application_level_denial_of_service_dos.critical_impact_and_or_easy_difficulty	P2	Application-Level Denial-of-Service (DoS) > Critical Impact and/or Easy Difficulty	AV:N/AC:L/PR:N/UI:N/S:U/C:N/I:N/A:H	CVSS:4.0/AV:N/AC:L/AT:N/PR:N/UI:N/VC:N/VI:N/VA:H/SC:N/SI:N/SA:N	-
application_level_denial_of_service_dos.excessive_resource_consumption.injection_prompt	P?	Application-Level Denial-of-Service (DoS) > Excessive Resource Consumption > Injection (Prompt)	AV:N/AC:L/PR:N/UI:N/S:U/C:N/I:N/A:N	CVSS:4.0/AV:N/AC:L/AT:N/PR:N/UI:N/VC:N/VI:N/VA:N/SC:N/SI:N/SA:N	-
application_level_denial_of_service_dos.high_impact_and_or_medium_difficulty	P3	Application-Level Denial-of-Service (DoS) > High Impact and/or Medium Difficulty	AV:N/AC:H/PR:N/UI:N/S:U/C:N/I:N/A:H	CVSS:4.0/AV:N/AC:H/AT:N/PR:N/UI:N/VC:N/VI:N/VA:H/SC:N/SI:N/SA:N	-
automotive_security_misconfiguration.abs.unintended_acceleration_brake	P3	Automotive Security Misconfiguration > Automatic Braking System (ABS) > Unintended Acceleration / Brake	AV:P/AC:H/PR:N/UI:R/S:U/C:N/I:H/A:H	CVSS:4.0/AV:P/AC:H/AT:N/PR:N/UI:P/VC:N/VI:H/VA:H/SC:N/SI:N/SA:N	-
automotive_security_misconfiguration.battery_management_system.firmware_dump	P3	Automotive Security Misconfiguration > Battery Management System > Firmware Dump	AV:P/AC:H/PR:N/UI:R/S:U/C:H/I:H/A:H	CVSS:4.0/AV:P/AC:H/AT:N/PR:N/UI:P/VC:H/VI:H/VA:H/SC:N/SI:N/SA:N	-
automotive_security_misconfiguration.battery_management_system.fraudulent_interface	P4	Automotive Security Misconfiguration > Battery Management System > Fraudulent Interface	AV:P/AC:H/PR:N/UI:R/S:U/C:L/I:H/A:H	CVSS:4.0/AV:P/AC:H/AT:N/PR:N/UI:P/VC:L/VI:H/VA:H/SC:N/SI:N/SA:N	-
automotive_security_misconfiguration.can.injection_basic_safety_message	P3	Automotive Security Misconfiguration > CAN > Injection (Basic Safety Message)	AV:P/AC:H/PR:N/UI:R/S:U/C:N/I:H/A:H	CVSS:4.0/AV:P/AC:H/AT:N/PR:N/UI:P/VC:N/VI:H/VA:H/SC:N/SI:N/SA:N	-
automotive_security_misconfiguration.can.injection_battery_management_system	P3	Automotive Security Misconfiguration > CAN > Injection (Battery Management System)	AV:P/AC:H/PR:N/UI:R/S:U/C:N/I:H/A:H	CVSS:4.0/AV:P/AC:H/AT:N/PR:N/UI:P/VC:N/VI:H/VA:H/SC:N/SI:N/SA:N	-
automotive_security_misconfiguration.can.injection_disallowed_messages	P4	Automotive Security Misconfiguration > CAN > Injection (Disallowed Messages)	AV:P/AC:H/PR:N/UI:N/S:U/C:N/I:N/A:H	CVSS:4.0/AV:P/AC:H/AT:N/PR:N/UI:N/VC:N/VI:N/VA:H/SC:N/SI:N/SA:N	-
automotive_security_misconfiguration.can.injection_dos	P4	Automotive Security Misconfiguration > CAN > Injection (DoS)	AV:P/AC:H/PR:N/UI:N/S:U/C:N/I:N/A:H	CVSS:4.0/AV:P/AC:H/AT:N/PR:N/UI:N/VC:N/VI:N/VA:H/SC:N/SI:N/SA:N	-
automotive_security_misconfiguration.can.injection_headlights	P3	Automotive Security Misconfiguration > CAN > Injection (Headlights)	AV:P/AC:H/PR:N/UI:R/S:U/C:N/I:H/A:H	CVSS:4.0/AV:P/AC:H/AT:N/PR:N/UI:P/VC:N/VI:H/VA:H/SC:N/SI:N/SA:N	-
automotive_security_misconfiguration.can.injection_powertrain	P3	Automotive Security Misconfiguration > CAN > Injection (Powertrain)	AV:P/AC:H/PR:N/UI:R/S:U/C:N/I:H/A:H	CVSS:4.0/AV:P/AC:H/AT:N/PR:N/UI:P/VC:N/VI:H/VA:H/SC:N/SI:N/SA:N	-
automotive_security_misconfiguration.can.injection_pyrotechnical_device_deployment_tool	P3	Automotive Security Misconfiguration > CAN > Injection (Pyrotechnical Device Deployment Tool)	AV:P/AC:H/PR:N/UI:R/S:U/C:N/I:H/A:H	CVSS:4.0/AV:P/AC:H/AT:N/PR:N/UI:P/VC:N/VI:H/VA:H/SC:N/SI:N/SA:N	-
automotive_security_misconfiguration.can.injection_sensors	P3	Automotive Security Misconfiguration > CAN > Injection (Sensors)	AV:P/AC:H/PR:N/UI:R/S:U/C:N/I:H/A:H	CVSS:4.0/AV:P/AC:H/AT:N/PR:N/UI:P/VC:N/VI:H/VA:H/SC:N/SI:N/SA:N	-
automotive_security_misconfiguration.can.injection_steering_control	P3	Automotive Security Misconfiguration > CAN > Injection (Steering Control)	AV:P/AC:H/PR:N/UI:R/S:U/C:N/I:H/A:H	CVSS:4.0/AV:P/AC:H/AT:N/PR:N/UI:P/VC:N/VI:H/VA:H/SC:N/SI:N/SA:N	-
automotive_security_misconfiguration.can.injection_vehicle_anti_theft_systems	P3	Automotive Security Misconfiguration > CAN > Injection (Vehicle Anti-theft Systems)	AV:P/AC:H/PR:N/UI:R/S:U/C:N/I:H/A:H	CVSS:4.0/AV:P/AC:H/AT:N/PR:N/UI:P/VC:N/VI:H/VA:H/SC:N/SI:N/SA:N	-
automotive_security_misconfiguration.gnss_gps.spoofing	P4	Automotive Security Misconfiguration > GNSS / GPS > Spoofing	AV:N/AC:H/PR:N/UI:R/S:U/C:N/I:H/A:H	CVSS:4.0/AV:N/AC:H/AT:N/PR:N/UI:P/VC:N/VI:H/VA:H/SC:N/SI:N/SA:N	-
automotive_security_misconfiguration.immobilizer.engine_start	P3	Automotive Security Misconfiguration > Immobilizer > Engine Start	AV:P/AC:H/PR:N/UI:R/S:U/C:N/I:H/A:H	CVSS:4.0/AV:P/AC:H/AT:N/PR:N/UI:P/VC:N/VI:H/VA:H/SC:N/SI:N/SA:N	-
automotive_security_misconfiguration.infotainment_radio_head_unit.code_execution_can_bus_pivot	P2	Automotive Security Misconfiguration > Infotainment, Radio Head Unit > Code Execution (CAN Bus Pivot)	AV:N/AC:L/PR:N/UI:N/S:C/C:H/I:H/A:H	CVSS:4.0/AV:N/AC:L/AT:N/PR:N/UI:N/VC:H/VI:H/VA:H/SC:H/SI:H/SA:H	-
automotive_security_misconfiguration.infotainment_radio_head_unit.code_execution_no_can_bus_pivot	P3	Automotive Security Misconfiguration > Infotainment, Radio Head Unit > Code Execution (No CAN Bus Pivot)	AV:N/AC:H/PR:N/UI:N/S:C/C:L/I:L/A:L	CVSS:4.0/AV:N/AC:H/AT:N/PR:N/UI:N/VC:L/VI:L/VA:L/SC:N/SI:N/SA:N	-
automotive_security_misconfiguration.infotainment_radio_head_unit.default_credentials	P4	Automotive Security Misconfiguration > Infotainment, Radio Head Unit > Default Credentials	AV:N/AC:H/PR:N/UI:N/S:U/C:L/I:N/A:N	CVSS:4.0/AV:N/AC:H/AT:N/PR:N/UI:N/VC:L/VI:N/VA:N/SC:N/SI:N/SA:N	-
automotive_security_misconfiguration.infotainment_radio_head_unit.dos_brick	P4	Automotive Security Misconfiguration > Infotainment, Radio Head Unit > Denial of Service (DoS / Brick)	AV:N/AC:H/PR:N/UI:N/S:U/C:N/I:N/A:L	CVSS:4.0/AV:N/AC:H/AT:N/PR:N/UI:N/VC:N/VI:N/VA:L/SC:N/SI:N/SA:N	-
automotive_security_misconfiguration.infotainment_radio_head_unit.ota_firmware_manipulation	P2	Automotive Security Misconfiguration > Infotainment, Radio Head Unit > OTA Firmware Manipulation	AV:N/AC:H/PR:N/UI:N/S:U/C:N/I:N/A:L	CVSS:4.0/AV:N/AC:H/AT:N/PR:N/UI:N/VC:N/VI:N/VA:L/SC:N/SI:N/SA:N	-
automotive_security_misconfiguration.infotainment_radio_head_unit.sensitive_data_leakage_exposure	P1	Automotive Security Misconfiguration > Infotainment, Radio Head Unit > Sensitive data Leakage/Exposure	AV:N/AC:H/PR:N/UI:N/S:C/C:H/I:H/A:H	CVSS:4.0/AV:N/AC:H/AT:N/PR:N/UI:N/VC:H/VI:H/VA:H/SC:L/SI:L/SA:L	-
automotive_security_misconfiguration.infotainment_radio_head_unit.source_code_dump	P4	Automotive Security Misconfiguration > Infotainment, Radio Head Unit > Source Code Dump	AV:P/AC:H/PR:N/UI:N/S:U/C:L/I:L/A:L	CVSS:4.0/AV:P/AC:H/AT:N/PR:N/UI:N/VC:L/VI:L/VA:L/SC:N/SI:N/SA:N	-
automotive_security_misconfiguration.infotainment_radio_head_unit.unauthorized_access_to_services	P3	Automotive Security Misconfiguration > Infotainment, Radio Head Unit > Unauthorized Access to Services (API / Endpoints)	AV:N/AC:H/PR:N/UI:N/S:C/C:L/I:L/A:L	CVSS:4.0/AV:N/AC:H/AT:N/PR:N/UI:N/VC:L/VI:L/VA:L/SC:N/SI:N/SA:N	-
automotive_security_misconfiguration.rf_hub.can_injection_interaction	P2	Automotive Security Misconfiguration > RF Hub > CAN Injection / Interaction	AV:P/AC:H/PR:N/UI:N/S:U/C:L/I:N/A:N	CVSS:4.0/AV:P/AC:H/AT:N/PR:N/UI:N/VC:L/VI:N/VA:N/SC:N/SI:N/SA:N	-
automotive_security_misconfiguration.rf_hub.data_leakage_pull_encryption_mechanism	P3	Automotive Security Misconfiguration > RF Hub > Data Leakage / Pull Encryption Mechanism	AV:A/AC:H/PR:N/UI:N/S:U/C:L/I:L/A:L	CVSS:4.0/AV:A/AC:H/AT:N/PR:N/UI:N/VC:L/VI:L/VA:L/SC:N/SI:N/SA:N	-
automotive_security_misconfiguration.rf_hub.key_fob_cloning	P1	Automotive Security Misconfiguration > RF Hub > Key Fob Cloning	AV:A/AC:H/PR:N/UI:N/S:C/C:H/I:H/A:H	CVSS:4.0/AV:A/AC:H/AT:N/PR:N/UI:N/VC:H/VI:H/VA:H/SC:H/SI:H/SA:H	-
automotive_security_misconfiguration.rf_hub.relay	P5	Automotive Security Misconfiguration > RF Hub > Relay	AV:A/AC:H/PR:N/UI:R/S:U/C:N/I:N/A:N	CVSS:4.0/AV:A/AC:H/AT:N/PR:N/UI:P/VC:N/VI:N/VA:N/SC:N/SI:N/SA:N	-
automotive_security_misconfiguration.rf_hub.replay	P5	Automotive Security Misconfiguration > RF Hub > Replay	AV:A/AC:H/PR:N/UI:R/S:U/C:N/I:N/A:N	CVSS:4.0/AV:A/AC:H/AT:N/PR:N/UI:P/VC:N/VI:N/VA:N/SC:N/SI:N/SA:N	-
automotive_security_misconfiguration.rf_hub.roll_jam	P5	Automotive Security Misconfiguration > RF Hub > Roll Jam	AV:A/AC:H/PR:N/UI:R/S:U/C:N/I:N/A:N	CVSS:4.0/AV:A/AC:H/AT:N/PR:N/UI:P/VC:N/VI:N/VA:N/SC:N/SI:N/SA:N	-
automotive_security_misconfiguration.rf_hub.unauthorized_access_turn_on	P4	Automotive Security Misconfiguration > RF Hub > Unauthorized Access / Turn On	AV:A/AC:H/PR:N/UI:R/S:U/C:N/I:L/A:L	CVSS:4.0/AV:A/AC:H/AT:N/PR:N/UI:P/VC:N/VI:L/VA:L/SC:N/SI:N/SA:N	-
automotive_security_misconfiguration.rsu.sybil_attack	P4	Automotive Security Misconfiguration > Roadside Unit (RSU) > Sybil Attack	AV:N/AC:H/PR:N/UI:R/S:U/C:N/I:H/A:H	CVSS:4.0/AV:N/AC:H/AT:N/PR:N/UI:P/VC:N/VI:H/VA:H/SC:N/SI:N/SA:N	-
blockchain_infrastructure_misconfiguration.improper_bridge_validation_and_verification_logic	P?	Blockchain Infrastructure Misconfiguration > Improper Bridge Validation and Verification Logic	-	CVSS:4.0/AV:N/AC:L/AT:N/PR:N/UI:N/VC:N/VI:N/VA:N/SC:N/SI:N/SA:N	-
broken_access_control.bypass_of_password_confirmation.change_password	P4	Broken Access Control (BAC) > Bypass of Password Confirmation > Change Password	-	CVSS:4.0/AV:N/AC:L/AT:N/PR:L/UI:N/VC:L/VI:H/VA:N/SC:N/SI:N/SA:N	-
broken_access_control.exposed_sensitive_android_intent	P?	Broken Access Control (BAC) > Exposed Sensitive Android Intent	AV:N/AC:L/PR:N/UI:N/S:U/C:N/I:N/A:N	CVSS:4.0/AV:N/AC:L/AT:N/PR:N/UI:N/VC:N/VI:N/VA:N/SC:N/SI:N/SA:N	CWE-927
broken_access_control.exposed_sensitive_ios_url_scheme	P?	Broken Access Control (BAC) > Exposed Sensitive iOS URL Scheme	AV:N/AC:L/PR:N/UI:N/S:U/C:N/I:N/A:N	CVSS:4.0/AV:N/AC:L/AT:N/PR:N/UI:N/VC:N/VI:N/VA:N/SC:N/SI:N/SA:N	CWE-939
broken_access_control.idor.modify_sensitive_information_iterable_object_identifiers	P2	Broken Access Control (BAC) > Insecure Direct Object References (IDOR) > Modify Sensitive Information(Iterable Object Identifiers)	-	CVSS:4.0/AV:N/AC:L/AT:N/PR:N/UI:N/VC:H/VI:N/VA:N/SC:N/SI:N/SA:N	-
broken_access_control.idor.modify_view_sensitive_information_guid	P4	Broken Access Control (BAC) > Insecure Direct Object References (IDOR) > Modify/View Sensitive Information(Complex Object Identifiers GUID/UUID)	-	CVSS:4.0/AV:N/AC:L/AT:N/PR:N/UI:N/VC:H/VI:N/VA:N/SC:N/SI:N/SA:N	-
broken_access_control.idor.modify_view_sensitive_information_iterable_object_identifiers	P1	Broken Access Control (BAC) > Insecure Direct Object References (IDOR) > Modify/View Sensitive Information(Iterable Object Identifiers)	-	CVSS:4.0/AV:N/AC:L/AT:N/PR:N/UI:N/VC:H/VI:N/VA:N/SC:N/SI:N/SA:N	-
broken_access_control.idor.view_non_sensitive_information	P5	Broken Access Control (BAC) > Insecure Direct Object References (IDOR) > View Non-Sensitive Information	-	CVSS:4.0/AV:N/AC:L/AT:N/PR:N/UI:N/VC:H/VI:N/VA:N/SC:N/SI:N/SA:N	-
broken_access_control.idor.view_sensitive_information_iterable_object_identifiers	P3	Broken Access Control (BAC) > Insecure Direct Object References (IDOR) > View Sensitive Information(Iterable Object Identifiers)	-	CVSS:4.0/AV:N/AC:L/AT:N/PR:N/UI:N/VC:H/VI:N/VA:N/SC:N/SI:N/SA:N	-
broken_access_control.privilege_escalation	P?	Broken Access Control (BAC) > Privilege Escalation	AV:N/AC:L/PR:N/UI:N/S:U/C:N/I:N/A:N	CVSS:4.0/AV:N/AC:L/AT:N/PR:N/UI:N/VC:N/VI:N/VA:N/SC:N/SI:N/SA:N	CWE-269
broken_access_control.username_enumeration.non_brute_force	P4	Broken Access Control (BAC) > Username/Email Enumeration > Non-Brute Force	-	CVSS:4.0/AV:N/AC:H/AT:N/PR:N/UI:N/VC:L/VI:N/VA:N/SC:N/SI:N/SA:N	-
broken_authentication_and_session_management.authentication_bypass	P1	Broken Authentication and Session Management > Authentication Bypass	AV:N/AC:L/PR:N/UI:N/S:U/C:H/I:H/A:L	CVSS:4.0/AV:N/AC:L/AT:N/PR:N/UI:N/VC:H/VI:H/VA:L/SC:N/SI:N/SA:N	CWE-287
broken_authentication_and_session_management.cleartext_transmission_of_session_token	P4	Broken Authentication and Session Management > Cleartext Transmission of Session Token	AV:A/AC:H/PR:N/UI:N/S:U/C:L/I:L/A:N	CVSS:4.0/AV:A/AC:H/AT:N/PR:N/UI:N/VC:L/VI:L/VA:N/SC:N/SI:N/SA:N	CWE-319
broken_authentication_and_session_management.concurrent_logins	P5	Broken Authentication and Session Management > Concurrent Logins	AV:N/AC:H/PR:H/UI:N/S:U/C:N/I:N/A:N	CVSS:4.0/AV:N/AC:H/AT:N/PR:H/UI:N/VC:N/VI:N/VA:N/SC:N/SI:N/SA:N	CWE-1018
broken_authentication_and_session_management.failure_to_invalidate_session.all_sessions	P5	Broken Authentication and Session Management > Failure to Invalidate Session > Concurrent Sessions On Logout	AV:N/AC:L/PR:H/UI:N/S:U/C:N/I:N/A:N	CVSS:4.0/AV:N/AC:L/AT:N/PR:H/UI:N/VC:N/VI:N/VA:N/SC:N/SI:N/SA:N	-
broken_authentication_and_session_management.failure_to_invalidate_session.long_timeout	P5	Broken Authentication and Session Management > Failure to Invalidate Session > Long Timeout	AV:N/AC:L/PR:H/UI:N/S:U/C:N/I:N/A:N	CVSS:4.0/AV:N/AC:L/AT:N/PR:H/UI:N/VC:N/VI:N/VA:N/SC:N/SI:N/SA:N	-
broken_authentication_and_session_management.failure_to_invalidate_session.on_email_change	P5	Broken Authentication and Session Management > Failure to Invalidate Session > On Email Change	AV:N/AC:L/PR:H/UI:N/S:U/C:N/I:N/A:N	CVSS:4.0/AV:N/AC:L/AT:N/PR:H/UI:N/VC:N/VI:N/VA:N/SC:N/SI:N/SA:N	-
broken_authentication_and_session_management.failure_to_invalidate_session.on_logout	P4	Broken Authentication and Session Management > Failure to Invalidate Session > On Logout (Client and Server-Side)	AV:N/AC:L/PR:H/UI:N/S:U/C:L/I:L/A:N	CVSS:4.0/AV:N/AC:L/AT:N/PR:H/UI:N/VC:L/VI:L/VA:N/SC:N/SI:N/SA:N	-
broken_authentication_and_session_management.failure_to_invalidate_session.on_logout_server_side_only	P5	Broken Authentication and Session Management > Failure to Invalidate Session > On Logout (Server-Side Only)	AV:N/AC:L/PR:H/UI:N/S:U/C:N/I:N/A:N	CVSS:4.0/AV:N/AC:L/AT:N/PR:H/UI:N/VC:N/VI:N/VA:N/SC:N/SI:N/SA:N	-
broken_authentication_and_session_management.failure_to_invalidate_session.on_password_change	P4	Broken Authentication and Session Management > Failure to Invalidate Session > On Password Reset and/or Change	AV:N/AC:L/PR:H/UI:N/S:U/C:L/I:L/A:N	CVSS:4.0/AV:N/AC:L/AT:N/PR:H/UI:N/VC:L/VI:L/VA:N/SC:N/SI:N/SA:N	-
broken_authentication_and_session_management.failure_to_invalidate_session.on_two_fa_activation_change	P5	Broken Authentication and Session Management > Failure to Invalidate Session > On 2FA Activation/Change	AV:N/AC:L/PR:H/UI:N/S:U/C:N/I:N/A:N	CVSS:4.0/AV:N/AC:L/AT:N/PR:H/UI:N/VC:N/VI:N/VA:N/SC:N/SI:N/SA:N	-
broken_authentication_and_session_management.failure_to_invalidate_session.permission_change	P?	Broken Authentication and Session Management > Failure to Invalidate Session > On Permission Change	-	CVSS:4.0/AV:N/AC:L/AT:N/PR:N/UI:N/VC:N/VI:N/VA:N/SC:N/SI:N/SA:N	-
broken_authentication_and_session_management.saml_replay	P5	Broken Authentication and Session Management > SAML Replay	AV:N/AC:H/PR:N/UI:R/S:C/C:H/I:H/A:H	CVSS:4.0/AV:N/AC:H/AT:N/PR:N/UI:P/VC:H/VI:H/VA:H/SC:H/SI:H/SA:H	-
broken_authentication_and_session_management.session_fixation.local_attack_vector	P5	Broken Authentication and Session Management > Session Fixation > Local Attack Vector	AV:P/AC:H/PR:L/UI:R/S:U/C:H/I:L/A:N	CVSS:4.0/AV:P/AC:H/AT:N/PR:L/UI:P/VC:H/VI:L/VA:N/SC:N/SI:N/SA:N	-
broken_authentication_and_session_management.session_fixation.remote_attack_vector	P3	Broken Authentication and Session Management > Session Fixation > Remote Attack Vector	AV:N/AC:L/PR:N/UI:R/S:U/C:H/I:L/A:N	CVSS:4.0/AV:N/AC:L/AT:N/PR:N/UI:P/VC:H/VI:L/VA:N/SC:N/SI:N/SA:N	-
broken_authentication_and_session_management.two_fa_bypass	P3	Broken Authentication and Session Management > Second Factor Authentication (2FA) Bypass	AV:N/AC:L/PR:N/UI:N/S:U/C:L/I:L/A:N	CVSS:4.0/AV:N/AC:L/AT:N/PR:N/UI:N/VC:L/VI:L/VA:N/SC:N/SI:N/SA:N	CWE-304
broken_authentication_and_session_management.weak_login_function.not_operational	P5	Broken Authentication and Session Management > Weak Login Function > Not Operational or Intended Public Access	-	CVSS:4.0/AV:N/AC:L/AT:N/PR:N/UI:N/VC:N/VI:N/VA:N/SC:N/SI:N/SA:N	-
broken_authentication_and_session_management.weak_login_function.other_plaintext_protocol_no_secure_alternative	P4	Broken Authentication and Session Management > Weak Login Function > Other Plaintext Protocol with no Secure Alternative	AV:A/AC:L/PR:N/UI:R/S:U/C:L/I:L/A:N	CVSS:4.0/AV:A/AC:L/AT:N/PR:N/UI:A/VC:L/VI:L/VA:N/SC:N/SI:N/SA:N	-
broken_authentication_and_session_management.weak_login_function.over_http	P4	Broken Authentication and Session Management > Weak Login Function > Over HTTP	AV:A/AC:H/PR:N/UI:R/S:U/C:L/I:L/A:N	CVSS:4.0/AV:A/AC:H/AT:N/PR:N/UI:A/VC:L/VI:L/VA:N/SC:N/SI:N/SA:N	-
broken_authentication_and_session_management.weak_registration_implementation.over_http	P4	Broken Authentication and Session Management > Weak Registration Implementation > Over HTTP	-	CVSS:4.0/AV:N/AC:L/AT:N/PR:L/UI:P/VC:L/VI:L/VA:N/SC:N/SI:N/SA:N	CWE-311
broken_authentication_and_session_management.excessive_jwt_lifetime	P5	Broken Authentication and Session Management > Excessive JSON Web Token (JWT) Lifetime	AV:N/AC:L/PR:N/UI:N/S:U/C:N/I:N/A:N	CVSS:4.0/AV:N/AC:L/AT:N/PR:N/UI:N/VC:N/VI:N/VA:N/SC:N/SI:N/SA:N	-
broken_authentication_and_session_management.secret_questions_account_verification	P5	Broken Authentication and Session Management > Secret Questions Used for Account Verification	AV:N/AC:L/PR:N/UI:N/S:U/C:N/I:N/A:N	CVSS:4.0/AV:N/AC:L/AT:N/PR:N/UI:N/VC:N/VI:N/VA:N/SC:N/SI:N/SA:N	-
client_side_injection.binary_planting.no_privilege_escalation	P5	Client-Side Injection > Binary Planting > No Privilege Escalation	AV:L/AC:H/PR:H/UI:N/S:U/C:N/I:N/A:N	CVSS:4.0/AV:L/AC:H/AT:N/PR:H/UI:N/VC:N/VI:N/VA:N/SC:N/SI:N/SA:N	-
client_side_injection.binary_planting.non_default_folder_privilege_escalation	P5	Client-Side Injection > Binary Planting > Non-Default Folder Privilege Escalation	AV:L/AC:H/PR:L/UI:R/S:U/C:L/I:L/A:N	CVSS:4.0/AV:L/AC:H/AT:N/PR:L/UI:A/VC:L/VI:L/VA:N/SC:N/SI:N/SA:N	-
client_side_injection.binary_planting.privilege_escalation	P3	Client-Side Injection > Binary Planting > Default Folder Privilege Escalation	AV:L/AC:H/PR:N/UI:N/S:U/C:L/I:L/A:N	CVSS:4.0/AV:L/AC:H/AT:N/PR:N/UI:N/VC:L/VI:L/VA:N/SC:N/SI:N/SA:N	-
cloud_security.identity_and_access_management_iam_misconfigurations.overly_permissive_iam_roles	P2	Cloud Security > Identity and Access Management (IAM) Misconfigurations > Overly Permissive IAM Roles	AV:N/AC:L/PR:L/UI:N/S:C/C:H/I:H/A:H	CVSS:4.0/AV:N/AC:L/AT:N/PR:L/UI:N/VC:H/VI:H/VA:H/SC:H/SI:H/SA:H	-
cloud_security.identity_and_access_management_iam_misconfigurations.publicly_accessible_iam_credentials	P1	Cloud Security > Identity and Access Management (IAM) Misconfigurations > Publicly Accessible IAM Credentials	AV:N/AC:L/PR:N/UI:N/S:C/C:H/I:H/A:H	CVSS:4.0/AV:N/AC:L/AT:N/PR:N/UI:N/VC:H/VI:H/VA:H/SC:H/SI:H/SA:H	-
cloud_security.logging_and_monitoring_issues.disabled_or_insufficient_logging	P5	Cloud Security > Logging and Monitoring Issues > Disabled or Insufficient Logging	AV:N/AC:L/PR:N/UI:N/S:U/C:N/I:N/A:N	CVSS:4.0/AV:N/AC:L/AT:N/PR:N/UI:N/VC:N/VI:N/VA:N/SC:N/SI:N/SA:N	-
cloud_security.misconfigured_services_and_apis.exposed_debug_or_admin_interfaces	P?	Cloud Security > Misconfigured Services and APIs > Exposed Debug or Admin Interfaces	AV:N/AC:L/PR:N/UI:N/S:C/C:H/I:H/A:H	CVSS:4.0/AV:N/AC:L/AT:N/PR:N/UI:N/VC:H/VI:H/VA:H/SC:H/SI:H/SA:H	-
cloud_security.misconfigured_services_and_apis.insecure_api_endpoints	P4	Cloud Security > Misconfigured Services and APIs > Insecure API Endpoints	AV:N/AC:H/PR:N/UI:N/S:U/C:L/I:L/A:N	CVSS:4.0/AV:N/AC:H/AT:N/PR:N/UI:N/VC:L/VI:L/VA:N/SC:N/SI:N/SA:N	-
cloud_security.network_configuration_issues.lack_of_network_segmentation	P3	Cloud Security > Network Configuration Issues > Lack of Network Segmentation	AV:N/AC:H/PR:H/UI:N/S:C/C:L/I:L/A:L	CVSS:4.0/AV:N/AC:H/AT:N/PR:H/UI:N/VC:L/VI:L/VA:L/SC:N/SI:N/SA:N	-
cloud_security.network_configuration_issues.open_management_ports_to_the_internet	P3	Cloud Security > Network Configuration Issues > Open Management Ports to the Internet	AV:N/AC:H/PR:N/UI:N/S:U/C:L/I:L/A:L	CVSS:4.0/AV:N/AC:H/AT:N/PR:N/UI:N/VC:L/VI:L/VA:L/SC:N/SI:N/SA:N	-
cloud_security.storage_misconfigurations.publicly_accessible_cloud_storage	P?	Cloud Security > Storage Misconfigurations > Publicly Accessible Cloud Storage	AV:N/AC:L/PR:N/UI:N/S:U/C:H/I:N/A:N	CVSS:4.0/AV:N/AC:L/AT:N/PR:N/UI:N/VC:H/VI:N/VA:N/SC:N/SI:N/SA:N	-
cloud_security.storage_misconfigurations.unencrypted_sensitive_data_at_rest	P2	Cloud Security > Storage Misconfigurations > Unencrypted Sensitive Data at Rest	AV:N/AC:L/PR:L/UI:N/S:U/C:H/I:N/A:N	CVSS:4.0/AV:N/AC:L/AT:N/PR:L/UI:N/VC:H/VI:N/VA:N/SC:N/SI:N/SA:N	-
cross_site_request_forgery_csrf.action_specific.authenticated_action	P?	Cross-Site Request Forgery (CSRF) > Action-Specific > Authenticated Action	-	CVSS:4.0/AV:N/AC:L/AT:N/PR:N/UI:N/VC:N/VI:N/VA:N/SC:N/SI:N/SA:N	-
cross_site_request_forgery_csrf.action_specific.logout	P5	Cross-Site Request Forgery (CSRF) > Action-Specific > Logout	AV:N/AC:L/PR:N/UI:R/S:U/C:N/I:N/A:N	CVSS:4.0/AV:N/AC:L/AT:N/PR:N/UI:P/VC:N/VI:N/VA:N/SC:N/SI:N/SA:N	-
cross_site_request_forgery_csrf.action_specific.unauthenticated_action	P?	Cross-Site Request Forgery (CSRF) > Action-Specific > Unauthenticated Action	-	CVSS:4.0/AV:N/AC:L/AT:N/PR:N/UI:N/VC:N/VI:N/VA:N/SC:N/SI:N/SA:N	-
cross_site_request_forgery_csrf.application_wide	P2	Cross-Site Request Forgery (CSRF) > Application-Wide	AV:N/AC:L/PR:N/UI:R/S:U/C:H/I:H/A:L	CVSS:4.0/AV:N/AC:L/AT:N/PR:N/UI:P/VC:H/VI:H/VA:L/SC:N/SI:N/SA:N	-
cross_site_request_forgery_csrf.csrf_token_not_unique_per_request	P5	Cross-Site Request Forgery (CSRF) > CSRF Token Not Unique Per Request	AV:N/AC:H/PR:N/UI:R/S:U/C:N/I:N/A:N	CVSS:4.0/AV:N/AC:H/AT:N/PR:N/UI:P/VC:N/VI:N/VA:N/SC:N/SI:N/SA:N	-
cross_site_request_forgery_csrf.flash_based	P5	Cross-Site Request Forgery (CSRF) > Flash-Based	AV:N/AC:H/PR:N/UI:R/S:U/C:N/I:N/A:N	CVSS:4.0/AV:N/AC:H/AT:N/PR:N/UI:P/VC:N/VI:N/VA:N/SC:N/SI:N/SA:N	-
cross_site_scripting_xss.cookie_based	P5	Cross-Site Scripting (XSS) > Cookie-Based	AV:N/AC:H/PR:N/UI:R/S:C/C:N/I:N/A:N	CVSS:4.0/AV:N/AC:H/AT:N/PR:N/UI:P/VC:N/VI:N/VA:N/SC:N/SI:N/SA:N	-
cross_site_scripting_xss.flash_based	P5	Cross-Site Scripting (XSS) > Flash-Based	AV:N/AC:H/PR:N/UI:R/S:C/C:N/I:N/A:N	CVSS:4.0/AV:N/AC:H/AT:N/PR:N/UI:P/VC:N/VI:N/VA:N/SC:N/SI:N/SA:N	-
cross_site_scripting_xss.ie_only	P5	Cross-Site Scripting (XSS) > IE-Only	AV:N/AC:H/PR:N/UI:R/S:C/C:L/I:L/A:N	CVSS:4.0/AV:N/AC:H/AT:N/PR:N/UI:P/VC:L/VI:L/VA:N/SC:N/SI:N/SA:N	-
cross_site_scripting_xss.off_domain.data_uri	P4	Cross-Site Scripting (XSS) > Off-Domain > Data URI	-	CVSS:4.0/AV:N/AC:H/AT:N/PR:N/UI:P/VC:L/VI:L/VA:N/SC:N/SI:N/SA:N	-
cross_site_scripting_xss.referer	P4	Cross-Site Scripting (XSS) > Referer	AV:N/AC:H/PR:N/UI:R/S:C/C:L/I:L/A:N	CVSS:4.0/AV:N/AC:H/AT:N/PR:N/UI:P/VC:L/VI:L/VA:N/SC:N/SI:N/SA:N	-
cross_site_scripting_xss.reflected.non_self	P3	Cross-Site Scripting (XSS) > Reflected > Non-Self	AV:N/AC:L/PR:N/UI:R/S:C/C:L/I:L/A:N	CVSS:4.0/AV:N/AC:L/AT:N/PR:N/UI:P/VC:L/VI:L/VA:N/SC:N/SI:N/SA:N	-
cross_site_scripting_xss.reflected.self	P5	Cross-Site Scripting (XSS) > Reflected > Self	-	CVSS:4.0/AV:N/AC:L/AT:N/PR:N/UI:N/VC:N/VI:N/VA:N/SC:N/SI:N/SA:N	-
cross_site_scripting_xss.stored.non_admin_to_anyone	P2	Cross-Site Scripting (XSS) > Stored > Non-Privileged User to Anyone	AV:N/AC:L/PR:N/UI:N/S:C/C:H/I:H/A:N	CVSS:4.0/AV:N/AC:L/AT:N/PR:N/UI:N/VC:H/VI:H/VA:N/SC:H/SI:H/SA:N	-
cross_site_scripting_xss.stored.privileged_user_to_no_privilege_elevation	P4	Cross-Site Scripting (XSS) > Stored > Privileged User to No Privilege Elevation	AV:N/AC:L/PR:H/UI:N/S:C/C:L/I:L/A:N	CVSS:4.0/AV:N/AC:L/AT:N/PR:H/UI:N/VC:L/VI:L/VA:N/SC:N/SI:N/SA:N	-
cross_site_scripting_xss.stored.privileged_user_to_privilege_elevation	P3	Cross-Site Scripting (XSS) > Stored > Privileged User to Privilege Elevation	AV:N/AC:L/PR:H/UI:N/S:C/C:H/I:H/A:N	CVSS:4.0/AV:N/AC:L/AT:N/PR:H/UI:N/VC:H/VI:H/VA:N/SC:H/SI:H/SA:N	-
cross_site_scripting_xss.stored.self	P5	Cross-Site Scripting (XSS) > Stored > Self	-	CVSS:4.0/AV:N/AC:L/AT:N/PR:N/UI:N/VC:N/VI:N/VA:N/SC:N/SI:N/SA:N	-
cross_site_scripting_xss.stored.url_based	P3	Cross-Site Scripting (XSS) > Stored > CSRF/URL-Based	AV:N/AC:L/PR:N/UI:R/S:C/C:L/I:L/A:N	CVSS:4.0/AV:N/AC:L/AT:N/PR:N/UI:P/VC:L/VI:L/VA:N/SC:N/SI:N/SA:N	-
cross_site_scripting_xss.trace_method	P5	Cross-Site Scripting (XSS) > TRACE Method	-	CVSS:4.0/AV:N/AC:L/AT:N/PR:N/UI:N/VC:N/VI:N/VA:N/SC:N/SI:N/SA:N	-
cross_site_scripting_xss.universal_uxss	P4	Cross-Site Scripting (XSS) > Universal (UXSS)	AV:N/AC:H/PR:N/UI:R/S:C/C:L/I:L/A:N	CVSS:4.0/AV:N/AC:H/AT:N/PR:N/UI:P/VC:L/VI:L/VA:N/SC:N/SI:N/SA:N	-
cryptographic_weakness.broken_cryptography.use_of_broken_cryptographic_primitive	P3	Cryptographic Weakness > Broken Cryptography > Use of Broken Cryptographic Primitive	AV:N/AC:H/PR:N/UI:N/S:U/C:H/I:H/A:N	CVSS:4.0/AV:N/AC:H/AT:N/PR:N/UI:N/VC:H/VI:H/VA:N/SC:N/SI:N/SA:N	CWE-327
cryptographic_weakness.broken_cryptography.use_of_vulnerable_cryptographic_library	P4	Cryptographic Weakness > Broken Cryptography > Use of Vulnerable Cryptographic Library	AV:N/AC:H/PR:N/UI:R/S:U/C:H/I:H/A:N	CVSS:4.0/AV:N/AC:H/AT:N/PR:N/UI:P/VC:H/VI:H/VA:N/SC:N/SI:N/SA:N	CWE-327
cryptographic_weakness.incomplete_cleanup_of_keying_material	P5	Cryptographic Weakness > Incomplete Cleanup of Keying Material	AV:L/AC:H/PR:L/UI:R/S:U/C:L/I:L/A:L	CVSS:4.0/AV:L/AC:H/AT:N/PR:L/UI:P/VC:L/VI:L/VA:L/SC:N/SI:N/SA:N	CWE-459
cryptographic_weakness.insecure_implementation.improper_following_of_specification	P?	Cryptographic Weakness > Insecure Implementation > Improper Following of Specification (Other)	-	CVSS:4.0/AV:N/AC:L/AT:N/PR:N/UI:N/VC:N/VI:N/VA:N/SC:N/SI:N/SA:N	CWE-358;CWE-573
cryptographic_weakness.insecure_implementation.missing_cryptographic_step	P?	Cryptographic Weakness > Insecure Implementation > Missing Cryptographic Step	-	CVSS:4.0/AV:N/AC:L/AT:N/PR:N/UI:N/VC:N/VI:N/VA:N/SC:N/SI:N/SA:N	CWE-325
cryptographic_weakness.insecure_key_generation.improper_asymmetric_exponent_selection	P?	Cryptographic Weakness > Insecure Key Generation > Improper Asymmetric Exponent Selection	-	CVSS:4.0/AV:N/AC:L/AT:N/PR:N/UI:N/VC:N/VI:N/VA:N/SC:N/SI:N/SA:N	CWE-326;CWE-1240
cryptographic_weakness.insecure_key_generation.improper_asymmetric_prime_selection	P?	Cryptographic Weakness > Insecure Key Generation > Improper Asymmetric Prime Selection	-	CVSS:4.0/AV:N/AC:L/AT:N/PR:N/UI:N/VC:N/VI:N/VA:N/SC:N/SI:N/SA:N	CWE-326;CWE-1240
cryptographic_weakness.insecure_key_generation.insufficient_key_space	P3	Cryptographic Weakness > Insecure Key Generation > Insufficient Key Space	AV:N/AC:H/PR:N/UI:N/S:U/C:H/I:H/A:N	CVSS:4.0/AV:N/AC:H/AT:N/PR:N/UI:N/VC:H/VI:H/VA:N/SC:N/SI:N/SA:N	CWE-326;CWE-331;CWE-1240
cryptographic_weakness.insecure_key_generation.insufficient_key_stretching	P?	Cryptographic Weakness > Insecure Key Generation > Insufficient Key Stretching	-	CVSS:4.0/AV:N/AC:L/AT:N/PR:N/UI:N/VC:N/VI:N/VA:N/SC:N/SI:N/SA:N	CWE-326;CWE-1240
cryptographic_weakness.insecure_key_generation.key_exchange_without_entity_authentication	P4	Cryptographic Weakness > Insecure Key Generation > Key Exchage Without Entity Authentication	AV:N/AC:H/PR:N/UI:R/S:U/C:H/I:H/A:N	CVSS:4.0/AV:N/AC:H/AT:N/PR:N/UI:P/VC:H/VI:H/VA:N/SC:N/SI:N/SA:N	CWE-322
cryptographic_weakness.insufficient_entropy.initialization_vector_reuse	P5	Cryptographic Weakness > Insufficient Entropy > Initialization Vector (IV) Reuse	AV:L/AC:H/PR:L/UI:N/S:U/C:L/I:L/A:N	CVSS:4.0/AV:L/AC:H/AT:N/PR:L/UI:N/VC:L/VI:L/VA:N/SC:N/SI:N/SA:N	CWE-1204
cryptographic_weakness.insufficient_entropy.limited_rng_entropy_source	P4	Cryptographic Weakness > Insufficient Entropy > Limited Random Number Generator (RNG) Entropy Source	AV:L/AC:H/PR:L/UI:N/S:U/C:L/I:L/A:N	CVSS:4.0/AV:L/AC:H/AT:N/PR:L/UI:N/VC:L/VI:L/VA:N/SC:N/SI:N/SA:N	CWE-338;CWE-332
cryptographic_weakness.insufficient_entropy.predictable_initialization_vector	P4	Cryptographic Weakness > Insufficient Entropy > Predictable Initialization Vector (IV)	AV:N/AC:H/PR:L/UI:N/S:U/C:L/I:L/A:N	CVSS:4.0/AV:N/AC:H/AT:N/PR:L/UI:N/VC:L/VI:L/VA:N/SC:N/SI:N/SA:N	CWE-340
cryptographic_weakness.insufficient_entropy.predictable_prng_seed	P4	Cryptographic Weakness > Insufficient Entropy > Predictable Pseudo-Random Number Generator (PRNG) Seed	AV:N/AC:H/PR:L/UI:N/S:U/C:L/I:L/A:N	CVSS:4.0/AV:N/AC:H/AT:N/PR:L/UI:N/VC:L/VI:L/VA:N/SC:N/SI:N/SA:N	CWE-337
cryptographic_weakness.insufficient_entropy.prng_seed_reuse	P5	Cryptographic Weakness > Insufficient Entropy > Pseudo-Random Number Generator (PRNG) Seed Reuse	AV:L/AC:H/PR:L/UI:N/S:U/C:L/I:L/A:N	CVSS:4.0/AV:L/AC:H/AT:N/PR:L/UI:N/VC:L/VI:L/VA:N/SC:N/SI:N/SA:N	CWE-336
cryptographic_weakness.insufficient_entropy.small_seed_space_in_prng	P4	Cryptographic Weakness > Insufficient Entropy > Small Seed Space in Pseudo-Random Number Generator (PRNG)	AV:N/AC:H/PR:L/UI:N/S:U/C:L/I:L/A:N	CVSS:4.0/AV:N/AC:H/AT:N/PR:L/UI:N/VC:L/VI:L/VA:N/SC:N/SI:N/SA:N	CWE-339;CWE-334
cryptographic_weakness.insufficient_entropy.use_of_trng_for_nonsecurity_purpose	P5	Cryptographic Weakness > Insufficient Entropy > Use of True Random Number Generator (TRNG) for Non-Security Purpose	AV:L/AC:H/PR:L/UI:N/S:U/C:N/I:N/A:H	CVSS:4.0/AV:L/AC:H/AT:N/PR:L/UI:N/VC:N/VI:N/VA:H/SC:N/SI:N/SA:N	CWE-333
cryptographic_weakness.insufficient_verification_of_data_authenticity.cryptographic_signature	P?	Cryptographic Weakness > Insufficient Verification of Data Authenticity > Cryptographic Signature	-	CVSS:4.0/AV:N/AC:L/AT:N/PR:N/UI:N/VC:N/VI:N/VA:N/SC:N/SI:N/SA:N	CWE-347
cryptographic_weakness.insufficient_verification_of_data_authenticity.identity_check_value	P4	Cryptographic Weakness > Insufficient Verification of Data Authenticity > Integrity Check Value (ICV)	AV:N/AC:H/PR:N/UI:R/S:U/C:H/I:H/A:N	CVSS:4.0/AV:N/AC:H/AT:N/PR:N/UI:P/VC:H/VI:H/VA:N/SC:N/SI:N/SA:N	CWE-353;CWE-354;CWE-924
cryptographic_weakness.key_reuse.inter_environment	P2	Cryptographic Weakness > Key Reuse > Inter-Environment	AV:A/AC:H/PR:N/UI:R/S:C/C:H/I:H/A:H	CVSS:4.0/AV:A/AC:H/AT:N/PR:N/UI:P/VC:H/VI:H/VA:H/SC:H/SI:H/SA:H	CWE-323
cryptographic_weakness.key_reuse.intra_environment	P5	Cryptographic Weakness > Key Reuse > Intra-Environment	AV:L/AC:H/PR:N/UI:R/S:U/C:L/I:L/A:L	CVSS:4.0/AV:L/AC:H/AT:N/PR:N/UI:P/VC:L/VI:L/VA:L/SC:N/SI:N/SA:N	CWE-323
cryptographic_weakness.key_reuse.lack_of_perfect_forward_secrecy	P4	Cryptographic Weakness > Key Reuse > Lack of Perfect Forward Secrecy	AV:N/AC:H/PR:N/UI:N/S:U/C:H/I:H/A:N	CVSS:4.0/AV:N/AC:H/AT:N/PR:N/UI:N/VC:H/VI:H/VA:N/SC:N/SI:N/SA:N	CWE-323
cryptographic_weakness.side_channel_attack.differential_fault_analysis	P?	Cryptographic Weakness > Side-Channel Attack > Differential Fault Analysis	-	CVSS:4.0/AV:N/AC:L/AT:N/PR:N/UI:N/VC:N/VI:N/VA:N/SC:N/SI:N/SA:N	CWE-204;CWE-205
cryptographic_weakness.side_channel_attack.emanations_attack	P5	Cryptographic Weakness > Side-Channel Attack > Emanations Attack	AV:L/AC:H/PR:N/UI:N/S:U/C:L/I:L/A:N	CVSS:4.0/AV:L/AC:H/AT:N/PR:N/UI:N/VC:L/VI:L/VA:N/SC:N/SI:N/SA:N	CWE-1300
cryptographic_weakness.side_channel_attack.padding_oracle_attack	P4	Cryptographic Weakness > Side-Channel Attack > Padding Oracle Attack	AV:N/AC:H/PR:N/UI:N/S:U/C:L/I:L/A:N	CVSS:4.0/AV:N/AC:H/AT:N/PR:N/UI:N/VC:L/VI:L/VA:N/SC:N/SI:N/SA:N	CWE-780
cryptographic_weakness.side_channel_attack.power_analysis_attack	P5	Cryptographic Weakness > Side-Channel Attack > Power Analysis Attack	AV:P/AC:H/PR:N/UI:N/S:U/C:L/I:L/A:N	CVSS:4.0/AV:P/AC:H/AT:N/PR:N/UI:N/VC:L/VI:L/VA:N/SC:N/SI:N/SA:N	CWE-1300
cryptographic_weakness.side_channel_attack.timing_attack	P4	Cryptographic Weakness > Side-Channel Attack > Timing Attack	AV:N/AC:H/PR:N/UI:N/S:U/C:L/I:L/A:N	CVSS:4.0/AV:N/AC:H/AT:N/PR:N/UI:N/VC:L/VI:L/VA:N/SC:N/SI:N/SA:N	CWE-208
cryptographic_weakness.use_of_expired_cryptographic_key_or_cert	P4	Cryptographic Weakness > Use of Expired Cryptographic Key (or Certificate)	AV:N/AC:H/PR:L/UI:N/S:U/C:L/I:L/A:L	CVSS:4.0/AV:N/AC:H/AT:N/PR:L/UI:N/VC:L/VI:L/VA:L/SC:N/SI:N/SA:N	CWE-295;CWE-298;CWE-299;CWE-324
cryptographic_weakness.weak_hash.lack_of_salt	P?	Cryptographic Weakness > Weak Hash > Lack of Salt	-	CVSS:4.0/AV:N/AC:L/AT:N/PR:N/UI:N/VC:N/VI:N/VA:N/SC:N/SI:N/SA:N	CWE-759;CWE-916
cryptographic_weakness.weak_hash.predictable_hash_collision	P?	Cryptographic Weakness > Weak Hash > Predictable Hash Collision	-	CVSS:4.0/AV:N/AC:L/AT:N/PR:N/UI:N/VC:N/VI:N/VA:N/SC:N/SI:N/SA:N	CWE-328
cryptographic_weakness.weak_hash.use_of_predictable_salt	P5	Cryptographic Weakness > Weak Hash > Use of Predictable Salt	AV:N/AC:H/PR:N/UI:N/S:C/C:L/I:L/A:N	CVSS:4.0/AV:N/AC:H/AT:N/PR:N/UI:N/VC:L/VI:L/VA:N/SC:N/SI:N/SA:N	CWE-760
data_biases.pre_existing_bias	P?	Data Biases > Pre-existing Bias	-	CVSS:4.0/AV:N/AC:L/AT:N/PR:N/UI:N/VC:N/VI:N/VA:N/SC:N/SI:N/SA:N	-
data_biases.representation_bias	P?	Data Biases > Representation Bias	-	CVSS:4.0/AV:N/AC:L/AT:N/PR:N/UI:N/VC:N/VI:N/VA:N/SC:N/SI:N/SA:N	-
decentralized_application_misconfiguration.defi_security.flash_loan_attack	P?	Decentralized Application Misconfiguration > DeFi Security > Flash Loan Attack	-	CVSS:4.0/AV:N/AC:L/AT:N/PR:N/UI:N/VC:N/VI:N/VA:N/SC:N/SI:N/SA:N	-
decentralized_application_misconfiguration.defi_security.function_level_accounting_error	P?	Decentralized Application Misconfiguration > DeFi Security > Function-Level Accounting Error	-	CVSS:4.0/AV:N/AC:L/AT:N/PR:N/UI:N/VC:N/VI:N/VA:N/SC:N/SI:N/SA:N	-
decentralized_application_misconfiguration.defi_security.improper_implementation_of_governance	P?	Decentralized Application Misconfiguration > DeFi Security > Improper Implementation of Governance	-	CVSS:4.0/AV:N/AC:L/AT:N/PR:N/UI:N/VC:N/VI:N/VA:N/SC:N/SI:N/SA:N	-
decentralized_application_misconfiguration.defi_security.pricing_oracle_manipulation	P?	Decentralized Application Misconfiguration > DeFi Security > Pricing Oracle Manipulation	-	CVSS:4.0/AV:N/AC:L/AT:N/PR:N/UI:N/VC:N/VI:N/VA:N/SC:N/SI:N/SA:N	-
decentralized_application_misconfiguration.improper_authorization.insufficient_signature_validation	P?	Decentralized Application Misconfiguration > Improper Authorization > Insufficient Signature Validation	-	CVSS:4.0/AV:N/AC:L/AT:N/PR:N/UI:N/VC:N/VI:N/VA:N/SC:N/SI:N/SA:N	-
decentralized_application_misconfiguration.insecure_data_storage.plaintext_private_key	P1	Decentralized Application Misconfiguration > Insecure Data Storage > Plaintext Private Key	-	CVSS:4.0/AV:N/AC:L/AT:N/PR:N/UI:N/VC:H/VI:H/VA:H/SC:N/SI:N/SA:N	-
decentralized_application_misconfiguration.insecure_data_storage.sensitive_information_exposure	P?	Decentralized Application Misconfiguration > Insecure Data Storage > Sensitive Information Exposure	-	CVSS:4.0/AV:N/AC:L/AT:N/PR:N/UI:N/VC:N/VI:N/VA:N/SC:N/SI:N/SA:N	-
decentralized_application_misconfiguration.marketplace_security.denial_of_service	P?	Decentralized Application Misconfiguration > Marketplace Security > Denial of Service	-	CVSS:4.0/AV:N/AC:L/AT:N/PR:N/UI:N/VC:N/VI:N/VA:N/SC:N/SI:N/SA:N	-
decentralized_application_misconfiguration.marketplace_security.improper_validation_and_checks_for_deposits_and_withdrawals	P?	Decentralized Application Misconfiguration > Marketplace Security > Improper Validation and Checks For Deposits and Withdrawals	-	CVSS:4.0/AV:N/AC:L/AT:N/PR:N/UI:N/VC:N/VI:N/VA:N/SC:N/SI:N/SA:N	-
decentralized_application_misconfiguration.marketplace_security.malicious_order_offer	P2	Decentralized Application Misconfiguration > Marketplace Security > Malicious Order Offer	-	CVSS:4.0/AV:N/AC:L/AT:N/PR:N/UI:N/VC:N/VI:H/VA:L/SC:N/SI:N/SA:N	-
decentralized_application_misconfiguration.marketplace_security.miscalculated_accounting_logic	P?	Decentralized Application Misconfiguration > Marketplace Security > Miscalculated Accounting Logic	-	CVSS:4.0/AV:N/AC:L/AT:N/PR:N/UI:N/VC:N/VI:N/VA:N/SC:N/SI:N/SA:N	-
decentralized_application_misconfiguration.marketplace_security.ofac_bypass	P3	Decentralized Application Misconfiguration > Marketplace Security > OFAC Bypass	-	CVSS:4.0/AV:N/AC:L/AT:N/PR:N/UI:N/VC:N/VI:L/VA:N/SC:N/SI:N/SA:N	-
decentralized_application_misconfiguration.marketplace_security.orderbook_manipulation	P1	Decentralized Application Misconfiguration > Marketplace Security > Orderbook Manipulation	-	CVSS:4.0/AV:N/AC:L/AT:N/PR:N/UI:N/VC:N/VI:H/VA:L/SC:N/SI:N/SA:N	-
decentralized_application_misconfiguration.marketplace_security.price_or_fee_manipulation	P2	Decentralized Application Misconfiguration > Marketplace Security > Price or Fee Manipulation	-	CVSS:4.0/AV:N/AC:L/AT:N/PR:N/UI:N/VC:N/VI:H/VA:L/SC:N/SI:N/SA:N	-
decentralized_application_misconfiguration.marketplace_security.signer_account_takeover	P1	Decentralized Application Misconfiguration > Marketplace Security > Signer Account Takeover	-	CVSS:4.0/AV:N/AC:L/AT:N/PR:N/UI:N/VC:H/VI:H/VA:H/SC:N/SI:N/SA:N	-
decentralized_application_misconfiguration.marketplace_security.unauthorized_asset_transfer	P1	Decentralized Application Misconfiguration > Marketplace Security > Unauthorized Asset Transfer	-	CVSS:4.0/AV:N/AC:L/AT:N/PR:N/UI:N/VC:N/VI:H/VA:H/SC:N/SI:N/SA:N	-
decentralized_application_misconfiguration.protocol_security_misconfiguration.node_level_denial_of_service	P1	Decentralized Application Misconfiguration > Protocol Security Misconfiguration > Node-level Denial of Service	-	CVSS:4.0/AV:N/AC:L/AT:N/PR:N/UI:N/VC:N/VI:N/VA:H/SC:N/SI:N/SA:N	-
developer_biases.implicit_bias	P?	Developer Biases > Implicit Bias	-	CVSS:4.0/AV:N/AC:L/AT:N/PR:N/UI:N/VC:N/VI:N/VA:N/SC:N/SI:N/SA:N	-
external_behavior.browser_feature.aggressive_offline_caching	P5	External Behavior > Browser Feature > Aggressive Offline Caching	-	CVSS:4.0/AV:N/AC:L/AT:N/PR:N/UI:N/VC:N/VI:N/VA:N/SC:N/SI:N/SA:N	-
external_behavior.browser_feature.autocomplete_enabled	P5	External Behavior > Browser Feature > Autocomplete Enabled	-	CVSS:4.0/AV:N/AC:L/AT:N/PR:N/UI:N/VC:N/VI:N/VA:N/SC:N/SI:N/SA:N	-
external_behavior.browser_feature.autocorrect_enabled	P5	External Behavior > Browser Feature > Autocorrect Enabled	-	CVSS:4.0/AV:N/AC:L/AT:N/PR:N/UI:N/VC:N/VI:N/VA:N/SC:N/SI:N/SA:N	-
external_behavior.browser_feature.plaintext_password_field	P5	External Behavior > Browser Feature > Plaintext Password Field	-	CVSS:4.0/AV:N/AC:L/AT:N/PR:N/UI:N/VC:N/VI:N/VA:N/SC:N/SI:N/SA:N	-
external_behavior.browser_feature.save_password	P5	External Behavior > Browser Feature > Save Password	-	CVSS:4.0/AV:N/AC:L/AT:N/PR:N/UI:N/VC:N/VI:N/VA:N/SC:N/SI:N/SA:N	-
external_behavior.captcha_bypass.crowdsourcing	P5	External Behavior > Captcha Bypass > Crowdsourcing	-	CVSS:4.0/AV:N/AC:L/AT:N/PR:N/UI:N/VC:N/VI:N/VA:N/SC:N/SI:N/SA:N	-
external_behavior.csv_injection	P5	External Behavior > CSV Injection	-	CVSS:4.0/AV:N/AC:L/AT:N/PR:N/UI:N/VC:N/VI:N/VA:N/SC:N/SI:N/SA:N	-
external_behavior.system_clipboard_leak.shared_links	P5	External Behavior > System Clipboard Leak > Shared Links	-	CVSS:4.0/AV:N/AC:L/AT:N/PR:N/UI:N/VC:N/VI:N/VA:N/SC:N/SI:N/SA:N	-
external_behavior.user_password_persisted_in_memory	P5	External Behavior > User Password Persisted in Memory	-	CVSS:4.0/AV:N/AC:L/AT:N/PR:N/UI:N/VC:N/VI:N/VA:N/SC:N/SI:N/SA:N	-
indicators_of_compromise	P?	Indicators of Compromise	AV:N/AC:L/PR:N/UI:N/S:U/C:N/I:N/A:N	CVSS:4.0/AV:N/AC:L/AT:N/PR:N/UI:N/VC:N/VI:N/VA:N/SC:N/SI:N/SA:N	-
insecure_data_storage.non_sensitive_application_data_stored_unencrypted	P5	Insecure Data Storage > Non-Sensitive Application Data Stored Unencrypted	-	CVSS:4.0/AV:N/AC:L/AT:N/PR:N/UI:N/VC:N/VI:N/VA:N/SC:N/SI:N/SA:N	CWE-312
insecure_data_storage.screen_caching_enabled	P5	Insecure Data Storage > Screen Caching Enabled	-	CVSS:4.0/AV:N/AC:L/AT:N/PR:N/UI:N/VC:N/VI:N/VA:N/SC:N/SI:N/SA:N	-
insecure_data_storage.sensitive_application_data_stored_unencrypted.on_external_storage	P4	Insecure Data Storage > Sensitive Application Data Stored Unencrypted > On External Storage	AV:P/AC:H/PR:N/UI:N/S:U/C:H/I:H/A:N	CVSS:4.0/AV:P/AC:H/AT:N/PR:N/UI:N/VC:H/VI:H/VA:N/SC:N/SI:N/SA:N	-
insecure_data_storage.sensitive_application_data_stored_unencrypted.on_internal_storage	P5	Insecure Data Storage > Sensitive Application Data Stored Unencrypted > On Internal Storage	-	CVSS:4.0/AV:N/AC:L/AT:N/PR:N/UI:N/VC:N/VI:N/VA:N/SC:N/SI:N/SA:N	-
insecure_data_storage.server_side_credentials_storage.plaintext	P4	Insecure Data Storage > Server-Side Credentials Storage > Plaintext	AV:N/AC:H/PR:H/UI:N/S:U/C:H/I:L/A:N	CVSS:4.0/AV:N/AC:H/AT:N/PR:H/UI:N/VC:H/VI:L/VA:N/SC:N/SI:N/SA:N	CWE-256
insecure_data_transport.cleartext_transmission_of_sensitive_data	P?	Insecure Data Transport > Cleartext Transmission of Sensitive Data	-	CVSS:4.0/AV:N/AC:L/AT:N/PR:N/UI:N/VC:N/VI:N/VA:N/SC:N/SI:N/SA:N	CWE-319
insecure_data_transport.executable_download.no_secure_integrity_check	P4	Insecure Data Transport > Executable Download > No Secure Integrity Check	AV:N/AC:H/PR:N/UI:N/S:C/C:N/I:L/A:N	CVSS:4.0/AV:N/AC:H/AT:N/PR:N/UI:N/VC:N/VI:L/VA:N/SC:N/SI:N/SA:N	CWE-353;CWE-354;CWE-494
insecure_data_transport.executable_download.secure_integrity_check	P5	Insecure Data Transport > Executable Download > Secure Integrity Check	AV:N/AC:H/PR:N/UI:N/S:C/C:N/I:N/A:N	CVSS:4.0/AV:N/AC:H/AT:N/PR:N/UI:N/VC:N/VI:N/VA:N/SC:N/SI:N/SA:N	-
insecure_os_firmware.command_injection	P1	Insecure OS/Firmware > Command Injection	AV:N/AC:L/PR:N/UI:N/S:U/C:H/I:H/A:L	CVSS:4.0/AV:N/AC:L/AT:N/PR:N/UI:N/VC:H/VI:H/VA:L/SC:N/SI:N/SA:N	CWE-77
insecure_os_firmware.data_not_encrypted_at_rest.non_sensitive	P5	Insecure OS/Firmware > Data not encrypted at rest > Non sensitive	AV:P/AC:H/PR:N/UI:N/S:U/C:L/I:L/A:N	CVSS:4.0/AV:P/AC:H/AT:N/PR:N/UI:N/VC:L/VI:L/VA:N/SC:N/SI:N/SA:N	CWE-311
insecure_os_firmware.data_not_encrypted_at_rest.sensitive	P?	Insecure OS/Firmware > Data not encrypted at rest > Sensitive	-	CVSS:4.0/AV:N/AC:L/AT:N/PR:N/UI:N/VC:N/VI:N/VA:N/SC:N/SI:N/SA:N	CWE-311
insecure_os_firmware.failure_to_remove_sensitive_artifacts_from_disk	P?	Insecure OS/Firmware > Failure to Remove Sensitive Artifacts from Disk	-	CVSS:4.0/AV:N/AC:L/AT:N/PR:N/UI:N/VC:N/VI:N/VA:N/SC:N/SI:N/SA:N	CWE-459
insecure_os_firmware.hardcoded_password.non_privileged_user	P2	Insecure OS/Firmware > Hardcoded Password > Non-Privileged User	AV:N/AC:L/PR:N/UI:N/S:U/C:L/I:L/A:N	CVSS:4.0/AV:N/AC:L/AT:N/PR:N/UI:N/VC:L/VI:L/VA:N/SC:N/SI:N/SA:N	-
insecure_os_firmware.hardcoded_password.privileged_user	P1	Insecure OS/Firmware > Hardcoded Password > Privileged User	AV:N/AC:L/PR:N/UI:N/S:U/C:H/I:H/A:L	CVSS:4.0/AV:N/AC:L/AT:N/PR:N/UI:N/VC:H/VI:H/VA:L/SC:N/SI:N/SA:N	-
insecure_os_firmware.kiosk_escape_or_breakout	P?	Insecure OS/Firmware > Kiosk Escape or Breakout	-	CVSS:4.0/AV:N/AC:L/AT:N/PR:N/UI:N/VC:N/VI:N/VA:N/SC:N/SI:N/SA:N	CWE-284
insecure_os_firmware.local_administrator_on_default_environment	P2	Insecure OS/Firmware > Local Administrator on default environment	AV:L/AC:L/PR:N/UI:N/S:C/C:H/I:H/A:H	CVSS:4.0/AV:L/AC:L/AT:N/PR:N/UI:N/VC:H/VI:H/VA:H/SC:H/SI:H/SA:H	CWE-276
insecure_os_firmware.over_permissioned_credentials_on_storage	P2	Insecure OS/Firmware > Over-Permissioned Credentials on Storage	AV:L/AC:L/PR:N/UI:N/S:U/C:L/I:L/A:L	CVSS:4.0/AV:L/AC:L/AT:N/PR:N/UI:N/VC:L/VI:L/VA:L/SC:N/SI:N/SA:N	CWE-250
insecure_os_firmware.poorly_configured_disk_encryption	P?	Insecure OS/Firmware > Poorly Configured Disk Encryption	-	CVSS:4.0/AV:N/AC:L/AT:N/PR:N/UI:N/VC:N/VI:N/VA:N/SC:N/SI:N/SA:N	CWE-326
insecure_os_firmware.poorly_configured_operating_system_security	P?	Insecure OS/Firmware > Poorly Configured Operating System Security	-	CVSS:4.0/AV:N/AC:L/AT:N/PR:N/UI:N/VC:N/VI:N/VA:N/SC:N/SI:N/SA:N	CWE-16
insecure_os_firmware.recovery_of_disk_contains_sensitive_material	P?	Insecure OS/Firmware > Recovery of Disk Contains Sensitive Material	-	CVSS:4.0/AV:N/AC:L/AT:N/PR:N/UI:N/VC:N/VI:N/VA:N/SC:N/SI:N/SA:N	CWE-522
insecure_os_firmware.shared_credentials_on_storage	P3	Insecure OS/Firmware > Shared Credentials on Storage	AV:L/AC:L/PR:N/UI:N/S:U/C:L/I:L/A:L	CVSS:4.0/AV:L/AC:L/AT:N/PR:N/UI:N/VC:L/VI:L/VA:L/SC:N/SI:N/SA:N	CWE-798
insecure_os_firmware.weakness_in_firmware_updates.firmware_cannot_be_updated	P?	Insecure OS/Firmware > Weakness in Firmware Updates > Firmware cannot be updated	-	CVSS:4.0/AV:N/AC:L/AT:N/PR:N/UI:N/VC:N/VI:N/VA:N/SC:N/SI:N/SA:N	CWE-434
insecure_os_firmware.weakness_in_firmware_updates.firmware_does_not_validate_update_integrity	P3	Insecure OS/Firmware > Weakness in Firmware Updates > Firmware does not validate update integrity	AV:N/AC:H/PR:H/UI:R/S:C/C:H/I:H/A:H	CVSS:4.0/AV:N/AC:H/AT:N/PR:H/UI:A/VC:H/VI:H/VA:H/SC:L/SI:L/SA:L	CWE-434
insecure_os_firmware.weakness_in_firmware_updates.firmware_is_not_encrypted	P5	Insecure OS/Firmware > Weakness in Firmware Updates > Firmware is not encrypted	AV:N/AC:L/PR:N/UI:N/S:U/C:H/I:N/A:N	CVSS:4.0/AV:N/AC:L/AT:N/PR:N/UI:N/VC:H/VI:N/VA:N/SC:N/SI:N/SA:N	CWE-434
insufficient_security_configurability.lack_of_notification_email	P5	Insufficient Security Configurability > Lack of Notification Email	-	CVSS:4.0/AV:N/AC:L/AT:N/PR:N/UI:N/VC:N/VI:N/VA:N/SC:N/SI:N/SA:N	-
insufficient_security_configurability.no_password_policy	P4	Insufficient Security Configurability > No Password Policy	AV:N/AC:H/PR:N/UI:R/S:U/C:L/I:L/A:N	CVSS:4.0/AV:N/AC:H/AT:N/PR:N/UI:P/VC:L/VI:L/VA:N/SC:N/SI:N/SA:N	CWE-521
insufficient_security_configurability.password_policy_bypass	P5	Insufficient Security Configurability > Password Policy Bypass	-	CVSS:4.0/AV:N/AC:L/AT:N/PR:N/UI:N/VC:N/VI:N/VA:N/SC:N/SI:N/SA:N	CWE-521
insufficient_security_configurability.verification_of_contact_method_not_required	P5	Insufficient Security Configurability > Verification of Contact Method not Required	-	CVSS:4.0/AV:N/AC:L/AT:N/PR:N/UI:N/VC:N/VI:N/VA:N/SC:N/SI:N/SA:N	-
insufficient_security_configurability.weak_password_policy	P5	Insufficient Security Configurability > Weak Password Policy	-	CVSS:4.0/AV:N/AC:L/AT:N/PR:N/UI:N/VC:N/VI:N/VA:N/SC:N/SI:N/SA:N	CWE-521
insufficient_security_configurability.weak_password_reset_implementation.token_has_long_timed_expiry	P5	Insufficient Security Configurability > Weak Password Reset Implementation > Token Has Long Timed Expiry	-	CVSS:4.0/AV:N/AC:L/AT:N/PR:N/UI:N/VC:N/VI:N/VA:N/SC:N/SI:N/SA:N	-
insufficient_security_configurability.weak_password_reset_implementation.token_is_not_invalidated_after_email_change	P5	Insufficient Security Configurability > Weak Password Reset Implementation > Token is Not Invalidated After Email Change	-	CVSS:4.0/AV:N/AC:L/AT:N/PR:N/UI:N/VC:N/VI:N/VA:N/SC:N/SI:N/SA:N	-
insufficient_security_configurability.weak_password_reset_implementation.token_is_not_invalidated_after_login	P5	Insufficient Security Configurability > Weak Password Reset Implementation > Token is Not Invalidated After Login	-	CVSS:4.0/AV:N/AC:L/AT:N/PR:N/UI:N/VC:N/VI:N/VA:N/SC:N/SI:N/SA:N	-
insufficient_security_configurability.weak_password_reset_implementation.token_is_not_invalidated_after_new_token_is_requested	P5	Insufficient Security Configurability > Weak Password Reset Implementation > Token is Not Invalidated After New Token is Requested	-	CVSS:4.0/AV:N/AC:L/AT:N/PR:N/UI:N/VC:N/VI:N/VA:N/SC:N/SI:N/SA:N	-
insufficient_security_configurability.weak_password_reset_implementation.token_is_not_invalidated_after_password_change	P5	Insufficient Security Configurability > Weak Password Reset Implementation > Token is Not Invalidated After Password Change	-	CVSS:4.0/AV:N/AC:L/AT:N/PR:N/UI:N/VC:N/VI:N/VA:N/SC:N/SI:N/SA:N	-
insufficient_security_configurability.weak_password_reset_implementation.token_is_not_invalidated_after_use	P4	Insufficient Security Configurability > Weak Password Reset Implementation > Token is Not Invalidated After Use	AV:N/AC:H/PR:L/UI:N/S:U/C:L/I:L/A:N	CVSS:4.0/AV:N/AC:H/AT:N/PR:L/UI:N/VC:L/VI:L/VA:N/SC:N/SI:N/SA:N	-
insufficient_security_configurability.weak_registration_implementation.allows_disposable_email_addresses	P5	Insufficient Security Configurability > Weak Registration Implementation > Allows Disposable Email Addresses	-	CVSS:4.0/AV:N/AC:L/AT:N/PR:N/UI:N/VC:N/VI:N/VA:N/SC:N/SI:N/SA:N	-
insufficient_security_configurability.weak_two_fa_implementation.missing_failsafe	P5	Insufficient Security Configurability > Weak 2FA Implementation > Missing Failsafe	-	CVSS:4.0/AV:N/AC:L/AT:N/PR:N/UI:N/VC:N/VI:N/VA:N/SC:N/SI:N/SA:N	-
insufficient_security_configurability.weak_two_fa_implementation.old_two_fa_code_is_not_invalidated_after_new_code_is_generated	P5	Insufficient Security Configurability > Weak 2FA Implementation > Old 2FA Code is Not Invalidated After New Code is Generated	-	CVSS:4.0/AV:N/AC:L/AT:N/PR:N/UI:N/VC:N/VI:N/VA:N/SC:N/SI:N/SA:N	-
insufficient_security_configurability.weak_two_fa_implementation.two_fa_code_is_not_updated_after_new_code_is_requested	P5	Insufficient Security Configurability > Weak 2FA Implementation > 2FA Code is Not Updated After New Code is Requested	-	CVSS:4.0/AV:N/AC:L/AT:N/PR:N/UI:N/VC:N/VI:N/VA:N/SC:N/SI:N/SA:N	-
insufficient_security_configurability.weak_two_fa_implementation.two_fa_secret_cannot_be_rotated	P4	Insufficient Security Configurability > Weak 2FA Implementation > 2FA Secret Cannot be Rotated	AV:P/AC:H/PR:N/UI:N/S:U/C:L/I:L/A:N	CVSS:4.0/AV:P/AC:H/AT:N/PR:N/UI:N/VC:L/VI:L/VA:N/SC:N/SI:N/SA:N	-
insufficient_security_configurability.weak_two_fa_implementation.two_fa_secret_remains_obtainable_after_two_fa_is_enabled	P4	Insufficient Security Configurability > Weak 2FA Implementation > 2FA Secret Remains Obtainable After 2FA is Enabled	AV:P/AC:H/PR:N/UI:N/S:U/C:L/I:L/A:N	CVSS:4.0/AV:P/AC:H/AT:N/PR:N/UI:N/VC:L/VI:L/VA:N/SC:N/SI:N/SA:N	-
insufficient_security_configurability.no_two_fa_implementation	P5	Insufficient Security Configurability > No 2FA Implementation	AV:N/AC:L/PR:N/UI:N/S:U/C:N/I:N/A:N	CVSS:4.0/AV:N/AC:L/AT:N/PR:N/UI:N/VC:N/VI:N/VA:N/SC:N/SI:N/SA:N	-
insufficient_security_configurability.no_account_lockout	P5	Insufficient Security Configurability > No Account Lockout	AV:N/AC:L/PR:N/UI:N/S:U/C:N/I:N/A:N	CVSS:4.0/AV:N/AC:L/AT:N/PR:N/UI:N/VC:N/VI:N/VA:N/SC:N/SI:N/SA:N	-
insufficient_security_configurability.weak_jwt_hashing_algorithm	P5	Insufficient Security Configurability > Weak JSON Web Token (JWT) Hashing Algorithm	AV:N/AC:L/PR:N/UI:N/S:U/C:N/I:N/A:N	CVSS:4.0/AV:N/AC:L/AT:N/PR:N/UI:N/VC:N/VI:N/VA:N/SC:N/SI:N/SA:N	-
lack_of_binary_hardening.lack_of_exploit_mitigations	P5	Lack of Binary Hardening > Lack of Exploit Mitigations	-	CVSS:4.0/AV:N/AC:L/AT:N/PR:N/UI:N/VC:N/VI:N/VA:N/SC:N/SI:N/SA:N	-
lack_of_binary_hardening.lack_of_jailbreak_detection	P5	Lack of Binary Hardening > Lack of Jailbreak Detection	-	CVSS:4.0/AV:N/AC:L/AT:N/PR:N/UI:N/VC:N/VI:N/VA:N/SC:N/SI:N/SA:N	-
lack_of_binary_hardening.lack_of_obfuscation	P5	Lack of Binary Hardening > Lack of Obfuscation	-	CVSS:4.0/AV:N/AC:L/AT:N/PR:N/UI:N/VC:N/VI:N/VA:N/SC:N/SI:N/SA:N	-
lack_of_binary_hardening.runtime_instrumentation_based	P5	Lack of Binary Hardening > Runtime Instrumentation-Based	-	CVSS:4.0/AV:N/AC:L/AT:N/PR:N/UI:N/VC:N/VI:N/VA:N/SC:N/SI:N/SA:N	-
misinterpretation_biases.context_ignorance	P?	Misinterpretation Biases > Context Ignorance	-	CVSS:4.0/AV:N/AC:L/AT:N/PR:N/UI:N/VC:N/VI:N/VA:N/SC:N/SI:N/SA:N	-
mobile_security_misconfiguration.auto_backup_allowed_by_default	P5	Mobile Security Misconfiguration > Auto Backup Allowed by Default	AV:P/AC:L/PR:H/UI:N/S:U/C:H/I:N/A:N	CVSS:4.0/AV:P/AC:L/AT:N/PR:H/UI:N/VC:H/VI:N/VA:N/SC:N/SI:N/SA:N	-
mobile_security_misconfiguration.clipboard_enabled	P5	Mobile Security Misconfiguration > Clipboard Enabled	AV:L/AC:H/PR:N/UI:R/S:C/C:L/I:N/A:N	CVSS:4.0/AV:L/AC:H/AT:N/PR:N/UI:P/VC:L/VI:N/VA:N/SC:N/SI:N/SA:N	-
mobile_security_misconfiguration.ssl_certificate_pinning.absent	P5	Mobile Security Misconfiguration > SSL Certificate Pinning > Absent	-	CVSS:4.0/AV:N/AC:L/AT:N/PR:N/UI:N/VC:N/VI:N/VA:N/SC:N/SI:N/SA:N	-
mobile_security_misconfiguration.ssl_certificate_pinning.defeatable	P5	Mobile Security Misconfiguration > SSL Certificate Pinning > Defeatable	-	CVSS:4.0/AV:N/AC:L/AT:N/PR:N/UI:N/VC:N/VI:N/VA:N/SC:N/SI:N/SA:N	-
mobile_security_misconfiguration.tapjacking	P5	Mobile Security Misconfiguration > Tapjacking	-	CVSS:4.0/AV:N/AC:L/AT:N/PR:N/UI:N/VC:N/VI:N/VA:N/SC:N/SI:N/SA:N	-
network_security_misconfiguration.telnet_enabled	P5	Network Security Misconfiguration > Telnet Enabled	-	CVSS:4.0/AV:N/AC:L/AT:N/PR:N/UI:N/VC:N/VI:N/VA:N/SC:N/SI:N/SA:N	-
physical_security_issues.bypass_of_physical_access_control	P?	Physical Security Issues > Bypass of physical access control	-	CVSS:4.0/AV:N/AC:L/AT:N/PR:N/UI:N/VC:N/VI:N/VA:N/SC:N/SI:N/SA:N	CWE-1300
physical_security_issues.weakness_in_physical_access_control.cloneable_key	P?	Physical Security Issues > Weakness in physical access control > Cloneable Key	-	CVSS:4.0/AV:N/AC:L/AT:N/PR:N/UI:N/VC:N/VI:N/VA:N/SC:N/SI:N/SA:N	CWE-1300
physical_security_issues.weakness_in_physical_access_control.commonly_keyed_system	P2	Physical Security Issues > Weakness in physical access control > Commonly Keyed System	AV:N/AC:L/PR:N/UI:N/S:C/C:L/I:N/A:N	CVSS:4.0/AV:N/AC:L/AT:N/PR:N/UI:N/VC:L/VI:N/VA:N/SC:N/SI:N/SA:N	CWE-284
physical_security_issues.weakness_in_physical_access_control.master_key_identification	P?	Physical Security Issues > Weakness in physical access control > Master Key Identification	-	CVSS:4.0/AV:N/AC:L/AT:N/PR:N/UI:N/VC:N/VI:N/VA:N/SC:N/SI:N/SA:N	CWE-284
privacy_concerns.unnecessary_data_collection.wifi_ssid_password	P4	Privacy Concerns > Unnecessary Data Collection > WiFi SSID+Password	AV:N/AC:H/PR:N/UI:N/S:U/C:L/I:N/A:N	CVSS:4.0/AV:N/AC:H/AT:N/PR:N/UI:N/VC:L/VI:N/VA:N/SC:N/SI:N/SA:N	-
protocol_specific_misconfiguration.frontrunning_enabled_attack	P2	Protocol Specific Misconfiguration > Frontrunning-Enabled Attack	-	CVSS:4.0/AV:N/AC:L/AT:N/PR:N/UI:N/VC:L/VI:H/VA:N/SC:N/SI:N/SA:N	-
protocol_specific_misconfiguration.improper_validation_and_finalization_logic	P?	Protocol Specific Misconfiguration > Improper Validation and Finalization Logic	-	CVSS:4.0/AV:N/AC:L/AT:N/PR:N/UI:N/VC:N/VI:N/VA:N/SC:N/SI:N/SA:N	-
protocol_specific_misconfiguration.misconfigured_staking_logic	P?	Protocol Specific Misconfiguration > Misconfigured Staking Logic	-	CVSS:4.0/AV:N/AC:L/AT:N/PR:N/UI:N/VC:N/VI:N/VA:N/SC:N/SI:N/SA:N	-
protocol_specific_misconfiguration.sandwich_enabled_attack	P2	Protocol Specific Misconfiguration > Sandwich-Enabled Attack	-	CVSS:4.0/AV:N/AC:L/AT:N/PR:N/UI:N/VC:L/VI:H/VA:N/SC:N/SI:N/SA:N	-
sensitive_data_exposure.disclosure_of_known_public_information	P5	Sensitive Data Exposure > Disclosure of Known Public Information	-	CVSS:4.0/AV:N/AC:L/AT:N/PR:N/UI:N/VC:N/VI:N/VA:N/SC:N/SI:N/SA:N	CWE-200
sensitive_data_exposure.disclosure_of_secrets.data_traffic_spam	P5	Sensitive Data Exposure > Disclosure of Secrets > Data/Traffic Spam	-	CVSS:4.0/AV:N/AC:L/AT:N/PR:N/UI:N/VC:N/VI:N/VA:N/SC:N/SI:N/SA:N	-
sensitive_data_exposure.disclosure_of_secrets.for_internal_asset	P3	Sensitive Data Exposure > Disclosure of Secrets > For Internal Asset	AV:A/AC:H/PR:N/UI:N/S:U/C:H/I:H/A:L	CVSS:4.0/AV:A/AC:H/AT:N/PR:N/UI:N/VC:H/VI:H/VA:L/SC:N/SI:N/SA:N	-
sensitive_data_exposure.disclosure_of_secrets.for_publicly_accessible_asset	P1	Sensitive Data Exposure > Disclosure of Secrets > For Publicly Accessible Asset	AV:N/AC:L/PR:N/UI:N/S:U/C:H/I:H/A:L	CVSS:4.0/AV:N/AC:L/AT:N/PR:N/UI:N/VC:H/VI:H/VA:L/SC:N/SI:N/SA:N	-
sensitive_data_exposure.disclosure_of_secrets.intentionally_public_sample_or_invalid	P5	Sensitive Data Exposure > Disclosure of Secrets > Intentionally Public, Sample or Invalid	-	CVSS:4.0/AV:N/AC:L/AT:N/PR:N/UI:N/VC:N/VI:N/VA:N/SC:N/SI:N/SA:N	-
sensitive_data_exposure.disclosure_of_secrets.non_corporate_user	P5	Sensitive Data Exposure > Disclosure of Secrets > Non-Corporate User	-	CVSS:4.0/AV:N/AC:L/AT:N/PR:N/UI:N/VC:N/VI:N/VA:N/SC:N/SI:N/SA:N	-
sensitive_data_exposure.disclosure_of_secrets.pay_per_use_abuse	P4	Sensitive Data Exposure > Disclosure of Secrets > Pay-Per-Use Abuse	AV:N/AC:L/PR:N/UI:N/S:U/C:N/I:N/A:L	CVSS:4.0/AV:N/AC:L/AT:N/PR:N/UI:N/VC:N/VI:N/VA:L/SC:N/SI:N/SA:N	-
sensitive_data_exposure.disclosure_of_secrets.pii_leakage_exposure	P?	Sensitive Data Exposure > Disclosure of Secrets > PII Leakage/Exposure	-	CVSS:4.0/AV:N/AC:L/AT:N/PR:N/UI:N/VC:N/VI:N/VA:N/SC:N/SI:N/SA:N	CWE-200
sensitive_data_exposure.disclosure_of_secrets.sensitive_information_disclosed_jwt	P5	Sensitive Data Exposure > Disclosure of Secrets > Sensitive Information Disclosed in JSON Web Token (JWT)	AV:N/AC:L/PR:N/UI:N/S:U/C:N/I:N/A:N	CVSS:4.0/AV:N/AC:L/AT:N/PR:N/UI:N/VC:N/VI:N/VA:N/SC:N/SI:N/SA:N	-
sensitive_data_exposure.disclosure_of_secrets.publicly_accessible_robots	P5	Sensitive Data Exposure > Disclosure of Secrets > Publicly accessible Robots.txt	AV:N/AC:L/PR:N/UI:N/S:U/C:N/I:N/A:N	CVSS:4.0/AV:N/AC:L/AT:N/PR:N/UI:N/VC:N/VI:N/VA:N/SC:N/SI:N/SA:N	-
sensitive_data_exposure.exif_geolocation_data_not_stripped_from_uploaded_images.automatic_user_enumeration	P3	Sensitive Data Exposure > EXIF Geolocation Data Not Stripped From Uploaded Images > Automatic User Enumeration	AV:N/AC:L/PR:N/UI:N/S:U/C:L/I:N/A:N	CVSS:4.0/AV:N/AC:L/AT:N/PR:N/UI:N/VC:L/VI:N/VA:N/SC:N/SI:N/SA:N	-
sensitive_data_exposure.exif_geolocation_data_not_stripped_from_uploaded_images.manual_user_enumeration	P4	Sensitive Data Exposure > EXIF Geolocation Data Not Stripped From Uploaded Images > Manual User Enumeration	AV:N/AC:H/PR:N/UI:N/S:U/C:L/I:N/A:N	CVSS:4.0/AV:N/AC:H/AT:N/PR:N/UI:N/VC:L/VI:N/VA:N/SC:N/SI:N/SA:N	-
sensitive_data_exposure.graphql_introspection_enabled	P5	Sensitive Data Exposure > GraphQL Introspection Enabled	AV:N/AC:L/PR:N/UI:N/S:U/C:L/I:N/A:N	CVSS:4.0/AV:N/AC:L/AT:N/PR:N/UI:N/VC:L/VI:N/VA:N/SC:N/SI:N/SA:N	CWE-200
sensitive_data_exposure.internal_ip_disclosure	P5	Sensitive Data Exposure > Internal IP Disclosure	-	CVSS:4.0/AV:N/AC:L/AT:N/PR:N/UI:N/VC:N/VI:N/VA:N/SC:N/SI:N/SA:N	-
sensitive_data_exposure.json_hijacking	P5	Sensitive Data Exposure > JSON Hijacking	AV:N/AC:L/PR:N/UI:R/S:U/C:N/I:N/A:N	CVSS:4.0/AV:N/AC:L/AT:N/PR:N/UI:P/VC:N/VI:N/VA:N/SC:N/SI:N/SA:N	-
sensitive_data_exposure.mixed_content	P5	Sensitive Data Exposure > Mixed Content (HTTPS Sourcing HTTP)	AV:N/AC:H/PR:N/UI:N/S:C/C:N/I:N/A:N	CVSS:4.0/AV:N/AC:H/AT:N/PR:N/UI:N/VC:N/VI:N/VA:N/SC:N/SI:N/SA:N	-
sensitive_data_exposure.non_sensitive_token_in_url	P5	Sensitive Data Exposure > Non-Sensitive Token in URL	AV:P/AC:L/PR:N/UI:N/S:U/C:N/I:N/A:N	CVSS:4.0/AV:P/AC:L/AT:N/PR:N/UI:N/VC:N/VI:N/VA:N/SC:N/SI:N/SA:N	CWE-200
sensitive_data_exposure.sensitive_data_hardcoded.file_paths	P5	Sensitive Data Exposure > Sensitive Data Hardcoded > File Paths	-	CVSS:4.0/AV:N/AC:L/AT:N/PR:N/UI:N/VC:N/VI:N/VA:N/SC:N/SI:N/SA:N	-
sensitive_data_exposure.sensitive_data_hardcoded.oauth_secret	P5	Sensitive Data Exposure > Sensitive Data Hardcoded > OAuth Secret	-	CVSS:4.0/AV:N/AC:L/AT:N/PR:N/UI:N/VC:N/VI:N/VA:N/SC:N/SI:N/SA:N	-
sensitive_data_exposure.sensitive_token_in_url.in_the_background	P5	Sensitive Data Exposure > Sensitive Token in URL > In the Background	-	CVSS:4.0/AV:P/AC:L/AT:N/PR:N/UI:N/VC:L/VI:L/VA:N/SC:N/SI:N/SA:N	-
sensitive_data_exposure.sensitive_token_in_url.on_password_reset	P5	Sensitive Data Exposure > Sensitive Token in URL > On Password Reset	-	CVSS:4.0/AV:P/AC:L/AT:N/PR:N/UI:N/VC:L/VI:L/VA:N/SC:N/SI:N/SA:N	-
sensitive_data_exposure.sensitive_token_in_url.user_facing	P4	Sensitive Data Exposure > Sensitive Token in URL > User Facing	-	CVSS:4.0/AV:P/AC:L/AT:N/PR:N/UI:N/VC:L/VI:L/VA:N/SC:N/SI:N/SA:N	-
sensitive_data_exposure.token_leakage_via_referer.over_http	P4	Sensitive Data Exposure > Token Leakage via Referer > Over HTTP	AV:N/AC:H/PR:L/UI:R/S:U/C:H/I:H/A:N	CVSS:4.0/AV:N/AC:H/AT:N/PR:L/UI:A/VC:H/VI:H/VA:N/SC:N/SI:N/SA:N	-
sensitive_data_exposure.token_leakage_via_referer.password_reset_token	P5	Sensitive Data Exposure > Token Leakage via Referer > Password Reset Token	AV:N/AC:H/PR:N/UI:N/S:U/C:L/I:N/A:N	CVSS:4.0/AV:N/AC:H/AT:N/PR:N/UI:N/VC:L/VI:N/VA:N/SC:N/SI:N/SA:N	-
sensitive_data_exposure.token_leakage_via_referer.trusted_third_party	P5	Sensitive Data Exposure > Token Leakage via Referer > Trusted 3rd Party	AV:N/AC:H/PR:H/UI:N/S:U/C:N/I:N/A:N	CVSS:4.0/AV:N/AC:H/AT:N/PR:H/UI:N/VC:N/VI:N/VA:N/SC:N/SI:N/SA:N	-
sensitive_data_exposure.token_leakage_via_referer.untrusted_third_party	P4	Sensitive Data Exposure > Token Leakage via Referer > Untrusted 3rd Party	AV:N/AC:H/PR:H/UI:N/S:U/C:H/I:H/A:N	CVSS:4.0/AV:N/AC:H/AT:N/PR:H/UI:N/VC:H/VI:H/VA:N/SC:N/SI:N/SA:N	-
sensitive_data_exposure.via_localstorage_sessionstorage.non_sensitive_token	P5	Sensitive Data Exposure > Via localStorage/sessionStorage > Non-Sensitive Token	AV:N/AC:H/PR:N/UI:N/S:U/C:N/I:N/A:N	CVSS:4.0/AV:N/AC:H/AT:N/PR:N/UI:N/VC:N/VI:N/VA:N/SC:N/SI:N/SA:N	-
sensitive_data_exposure.via_localstorage_sessionstorage.sensitive_token	P4	Sensitive Data Exposure > Via localStorage/sessionStorage > Sensitive Token	AV:N/AC:H/PR:N/UI:N/S:U/C:L/I:N/A:N	CVSS:4.0/AV:N/AC:H/AT:N/PR:N/UI:N/VC:L/VI:N/VA:N/SC:N/SI:N/SA:N	-
sensitive_data_exposure.visible_detailed_error_page.descriptive_stack_trace	P5	Sensitive Data Exposure > Visible Detailed Error/Debug Page > Descriptive Stack Trace	-	CVSS:4.0/AV:N/AC:L/AT:N/PR:N/UI:N/VC:N/VI:N/VA:N/SC:N/SI:N/SA:N	-
sensitive_data_exposure.visible_detailed_error_page.detailed_server_configuration	P4	Sensitive Data Exposure > Visible Detailed Error/Debug Page > Detailed Server Configuration	AV:N/AC:L/PR:N/UI:N/S:U/C:L/I:N/A:N	CVSS:4.0/AV:N/AC:L/AT:N/PR:N/UI:N/VC:L/VI:N/VA:N/SC:N/SI:N/SA:N	-
sensitive_data_exposure.visible_detailed_error_page.full_path_disclosure	P5	Sensitive Data Exposure > Visible Detailed Error/Debug Page > Full Path Disclosure	-	CVSS:4.0/AV:N/AC:L/AT:N/PR:N/UI:N/VC:N/VI:N/VA:N/SC:N/SI:N/SA:N	-
sensitive_data_exposure.weak_password_reset_implementation.password_reset_token_sent_over_http	P4	Sensitive Data Exposure > Weak Password Reset Implementation > Password Reset Token Sent Over HTTP	-	CVSS:4.0/AV:N/AC:H/AT:N/PR:L/UI:P/VC:H/VI:N/VA:N/SC:N/SI:N/SA:N	-
sensitive_data_exposure.weak_password_reset_implementation.token_leakage_via_host_header_poisoning	P2	Sensitive Data Exposure > Weak Password Reset Implementation > Token Leakage via Host Header Poisoning	AV:N/AC:L/PR:N/UI:R/S:U/C:H/I:H/A:L	CVSS:4.0/AV:N/AC:L/AT:N/PR:N/UI:P/VC:H/VI:H/VA:L/SC:N/SI:N/SA:N	-
sensitive_data_exposure.xssi	P?	Sensitive Data Exposure > Cross Site Script Inclusion (XSSI)	-	CVSS:4.0/AV:N/AC:L/AT:N/PR:N/UI:N/VC:N/VI:N/VA:N/SC:N/SI:N/SA:N	-
server_security_misconfiguration.bitsquatting	P5	Server Security Misconfiguration > Bitsquatting	AV:N/AC:H/PR:N/UI:N/S:U/C:L/I:N/A:N	CVSS:4.0/AV:N/AC:H/AT:N/PR:N/UI:N/VC:L/VI:N/VA:N/SC:N/SI:N/SA:N	-
server_security_misconfiguration.cache_deception	P?	Server Security Misconfiguration > Cache Deception	-	CVSS:4.0/AV:N/AC:L/AT:N/PR:N/UI:N/VC:N/VI:N/VA:N/SC:N/SI:N/SA:N	-
server_security_misconfiguration.cache_poisoning	P?	Server Security Misconfiguration > Cache Poisoning	-	CVSS:4.0/AV:N/AC:L/AT:N/PR:N/UI:N/VC:N/VI:N/VA:N/SC:N/SI:N/SA:N	CWE-444
server_security_misconfiguration.captcha.brute_force	P5	Server Security Misconfiguration > CAPTCHA > Brute Force	AV:N/AC:H/PR:N/UI:N/S:U/C:N/I:N/A:N	CVSS:4.0/AV:N/AC:H/AT:N/PR:N/UI:N/VC:N/VI:N/VA:N/SC:N/SI:N/SA:N	-
server_security_misconfiguration.captcha.implementation_vulnerability	P4	Server Security Misconfiguration > CAPTCHA > Implementation Vulnerability	AV:N/AC:H/PR:N/UI:N/S:U/C:N/I:N/A:L	CVSS:4.0/AV:N/AC:H/AT:N/PR:N/UI:N/VC:N/VI:N/VA:L/SC:N/SI:N/SA:N	-
server_security_misconfiguration.captcha.missing	P5	Server Security Misconfiguration > CAPTCHA > Missing	-	CVSS:4.0/AV:N/AC:L/AT:N/PR:N/UI:N/VC:N/VI:N/VA:N/SC:N/SI:N/SA:N	-
server_security_misconfiguration.clickjacking.form_input	P5	Server Security Misconfiguration > Clickjacking > Form Input	AV:N/AC:H/PR:N/UI:R/S:U/C:N/I:L/A:N	CVSS:4.0/AV:N/AC:H/AT:N/PR:N/UI:P/VC:N/VI:L/VA:N/SC:N/SI:N/SA:N	-
server_security_misconfiguration.clickjacking.non_sensitive_action	P5	Server Security Misconfiguration > Clickjacking > Non-Sensitive Action	AV:N/AC:L/PR:N/UI:R/S:U/C:N/I:N/A:N	CVSS:4.0/AV:N/AC:L/AT:N/PR:N/UI:P/VC:N/VI:N/VA:N/SC:N/SI:N/SA:N	-
server_security_misconfiguration.clickjacking.sensitive_action	P4	Server Security Misconfiguration > Clickjacking > Sensitive Click-Based Action	AV:N/AC:L/PR:N/UI:R/S:U/C:N/I:L/A:N	CVSS:4.0/AV:N/AC:L/AT:N/PR:N/UI:P/VC:N/VI:L/VA:N/SC:N/SI:N/SA:N	-
server_security_misconfiguration.cookie_scoped_to_parent_domain	P5	Server Security Misconfiguration > Cookie Scoped to Parent Domain	-	CVSS:4.0/AV:N/AC:L/AT:N/PR:N/UI:N/VC:N/VI:N/VA:N/SC:N/SI:N/SA:N	-
server_security_misconfiguration.dbms_misconfiguration.excessively_privileged_user_dba	P4	Server Security Misconfiguration > Database Management System (DBMS) Misconfiguration > Excessively Privileged User / DBA	AV:N/AC:H/PR:H/UI:N/S:U/C:L/I:L/A:N	CVSS:4.0/AV:N/AC:H/AT:N/PR:H/UI:N/VC:L/VI:L/VA:N/SC:N/SI:N/SA:N	CWE-250
server_security_misconfiguration.directory_listing_enabled.non_sensitive_data_exposure	P5	Server Security Misconfiguration > Directory Listing Enabled > Non-Sensitive Data Exposure	-	CVSS:4.0/AV:N/AC:L/AT:N/PR:N/UI:N/VC:N/VI:N/VA:N/SC:N/SI:N/SA:N	-
server_security_misconfiguration.directory_listing_enabled.sensitive_data_exposure	P?	Server Security Misconfiguration > Directory Listing Enabled > Sensitive Data Exposure	-	CVSS:4.0/AV:N/AC:L/AT:N/PR:N/UI:N/VC:N/VI:N/VA:N/SC:N/SI:N/SA:N	-
server_security_misconfiguration.email_verification_bypass	P5	Server Security Misconfiguration > Email Verification Bypass	AV:N/AC:H/PR:N/UI:R/S:U/C:N/I:N/A:N	CVSS:4.0/AV:N/AC:H/AT:N/PR:N/UI:P/VC:N/VI:N/VA:N/SC:N/SI:N/SA:N	-
server_security_misconfiguration.exposed_portal.admin_portal	P1	Server Security Misconfiguration > Exposed Portal > Admin Portal	AV:N/AC:L/PR:N/UI:N/S:U/C:H/I:H/A:H	CVSS:4.0/AV:N/AC:L/AT:N/PR:N/UI:N/VC:H/VI:H/VA:H/SC:N/SI:N/SA:N	-
server_security_misconfiguration.exposed_portal.non_admin_portal	P3	Server Security Misconfiguration > Exposed Portal > Non-Admin Portal	AV:N/AC:L/PR:N/UI:N/S:U/C:L/I:L/A:N	CVSS:4.0/AV:N/AC:L/AT:N/PR:N/UI:N/VC:L/VI:L/VA:N/SC:N/SI:N/SA:N	-
server_security_misconfiguration.exposed_portal.protected	P5	Server Security Misconfiguration > Exposed Portal > Protected	AV:N/AC:H/PR:N/UI:N/S:U/C:N/I:N/A:N	CVSS:4.0/AV:N/AC:H/AT:N/PR:N/UI:N/VC:N/VI:N/VA:N/SC:N/SI:N/SA:N	-
server_security_misconfiguration.fingerprinting_banner_disclosure.software_version_in_response_headers	P5	Server Security Misconfiguration > Fingerprinting/Banner Disclosure > Software Versions Disclosed in Response Headers	AV:N/AC:L/PR:N/UI:N/S:U/C:N/I:N/A:N	CVSS:4.0/AV:N/AC:L/AT:N/PR:N/UI:N/VC:N/VI:N/VA:N/SC:N/SI:N/SA:N	-
server_security_misconfiguration.insecure_ssl.certificate_error	P5	Server Security Misconfiguration > Insecure SSL > Certificate Error	-	CVSS:4.0/AV:N/AC:H/AT:N/PR:N/UI:N/VC:N/VI:N/VA:N/SC:N/SI:N/SA:N	-
server_security_misconfiguration.insecure_ssl.insecure_cipher_suite	P5	Server Security Misconfiguration > Insecure SSL > Insecure Cipher Suite	-	CVSS:4.0/AV:N/AC:H/AT:N/PR:N/UI:N/VC:N/VI:N/VA:N/SC:N/SI:N/SA:N	CWE-326
server_security_misconfiguration.insecure_ssl.lack_of_forward_secrecy	P5	Server Security Misconfiguration > Insecure SSL > Lack of Forward Secrecy	-	CVSS:4.0/AV:N/AC:H/AT:N/PR:N/UI:N/VC:N/VI:N/VA:N/SC:N/SI:N/SA:N	-
server_security_misconfiguration.lack_of_password_confirmation.change_email_address	P5	Server Security Misconfiguration > Lack of Password Confirmation > Change Email Address	-	CVSS:4.0/AV:P/AC:L/AT:N/PR:H/UI:N/VC:N/VI:L/VA:L/SC:N/SI:N/SA:N	-
server_security_misconfiguration.lack_of_password_confirmation.change_password	P5	Server Security Misconfiguration > Lack of Password Confirmation > Change Password	-	CVSS:4.0/AV:P/AC:L/AT:N/PR:H/UI:N/VC:N/VI:L/VA:L/SC:N/SI:N/SA:N	CWE-620
server_security_misconfiguration.lack_of_password_confirmation.delete_account	P4	Server Security Misconfiguration > Lack of Password Confirmation > Delete Account	-	CVSS:4.0/AV:P/AC:L/AT:N/PR:H/UI:N/VC:N/VI:L/VA:L/SC:N/SI:N/SA:N	-
server_security_misconfiguration.lack_of_password_confirmation.manage_two_fa	P5	Server Security Misconfiguration > Lack of Password Confirmation > Manage 2FA	AV:P/AC:L/PR:H/UI:N/S:U/C:N/I:N/A:L	CVSS:4.0/AV:P/AC:L/AT:N/PR:H/UI:N/VC:N/VI:N/VA:L/SC:N/SI:N/SA:N	-
server_security_misconfiguration.lack_of_security_headers.cache_control_for_a_non_sensitive_page	P5	Server Security Misconfiguration > Lack of Security Headers > Cache-Control for a Non-Sensitive Page	-	CVSS:4.0/AV:N/AC:H/AT:N/PR:N/UI:N/VC:N/VI:N/VA:N/SC:N/SI:N/SA:N	CWE-525
server_security_misconfiguration.lack_of_security_headers.cache_control_for_a_sensitive_page	P4	Server Security Misconfiguration > Lack of Security Headers > Cache-Control for a Sensitive Page	AV:N/AC:H/PR:N/UI:N/S:U/C:L/I:N/A:N	CVSS:4.0/AV:N/AC:H/AT:N/PR:N/UI:N/VC:L/VI:N/VA:N/SC:N/SI:N/SA:N	CWE-525
server_security_misconfiguration.lack_of_security_headers.content_security_policy	P5	Server Security Misconfiguration > Lack of Security Headers > Content-Security-Policy	-	CVSS:4.0/AV:N/AC:H/AT:N/PR:N/UI:N/VC:N/VI:N/VA:N/SC:N/SI:N/SA:N	-
server_security_misconfiguration.lack_of_security_headers.content_security_policy_report_only	P5	Server Security Misconfiguration > Lack of Security Headers > Content-Security-Policy-Report-Only	-	CVSS:4.0/AV:N/AC:H/AT:N/PR:N/UI:N/VC:N/VI:N/VA:N/SC:N/SI:N/SA:N	-
server_security_misconfiguration.lack_of_security_headers.public_key_pins	P5	Server Security Misconfiguration > Lack of Security Headers > Public-Key-Pins	-	CVSS:4.0/AV:N/AC:H/AT:N/PR:N/UI:N/VC:N/VI:N/VA:N/SC:N/SI:N/SA:N	-
server_security_misconfiguration.lack_of_security_headers.strict_transport_security	P5	Server Security Misconfiguration > Lack of Security Headers > Strict-Transport-Security	-	CVSS:4.0/AV:N/AC:H/AT:N/PR:N/UI:N/VC:N/VI:N/VA:N/SC:N/SI:N/SA:N	-
server_security_misconfiguration.lack_of_security_headers.x_content_security_policy	P5	Server Security Misconfiguration > Lack of Security Headers > X-Content-Security-Policy	-	CVSS:4.0/AV:N/AC:H/AT:N/PR:N/UI:N/VC:N/VI:N/VA:N/SC:N/SI:N/SA:N	-
server_security_misconfiguration.lack_of_security_headers.x_content_type_options	P5	Server Security Misconfiguration > Lack of Security Headers > X-Content-Type-Options	-	CVSS:4.0/AV:N/AC:H/AT:N/PR:N/UI:N/VC:N/VI:N/VA:N/SC:N/SI:N/SA:N	-
server_security_misconfiguration.lack_of_security_headers.x_frame_options	P5	Server Security Misconfiguration > Lack of Security Headers > X-Frame-Options	-	CVSS:4.0/AV:N/AC:H/AT:N/PR:N/UI:N/VC:N/VI:N/VA:N/SC:N/SI:N/SA:N	-
server_security_misconfiguration.lack_of_security_headers.x_webkit_csp	P5	Server Security Misconfiguration > Lack of Security Headers > X-Webkit-CSP	-	CVSS:4.0/AV:N/AC:H/AT:N/PR:N/UI:N/VC:N/VI:N/VA:N/SC:N/SI:N/SA:N	-
server_security_misconfiguration.lack_of_security_headers.x_xss_protection	P5	Server Security Misconfiguration > Lack of Security Headers > X-XSS-Protection	-	CVSS:4.0/AV:N/AC:H/AT:N/PR:N/UI:N/VC:N/VI:N/VA:N/SC:N/SI:N/SA:N	-
server_security_misconfiguration.mail_server_misconfiguration.email_spoofing_on_non_email_domain	P5	Server Security Misconfiguration > Mail Server Misconfiguration > Email Spoofing on Non-Email Domain	-	CVSS:4.0/AV:N/AC:L/AT:N/PR:N/UI:N/VC:N/VI:N/VA:N/SC:N/SI:N/SA:N	-
server_security_misconfiguration.mail_server_misconfiguration.email_spoofing_to_inbox_due_to_missing_or_misconfigured_dmarc_on_email_domain	P4	Server Security Misconfiguration > Mail Server Misconfiguration > Email Spoofing to Inbox due to Missing or Misconfigured DMARC on Email Domain	AV:N/AC:H/PR:N/UI:R/S:U/C:N/I:L/A:N	CVSS:4.0/AV:N/AC:H/AT:N/PR:N/UI:P/VC:N/VI:L/VA:N/SC:N/SI:N/SA:N	-
server_security_misconfiguration.mail_server_misconfiguration.email_spoofing_to_spam_folder	P5	Server Security Misconfiguration > Mail Server Misconfiguration > Email Spoofing to Spam Folder	-	CVSS:4.0/AV:N/AC:L/AT:N/PR:N/UI:N/VC:N/VI:N/VA:N/SC:N/SI:N/SA:N	-
server_security_misconfiguration.mail_server_misconfiguration.missing_or_misconfigured_spf_and_or_dkim	P5	Server Security Misconfiguration > Mail Server Misconfiguration > Missing or Misconfigured SPF and/or DKIM	-	CVSS:4.0/AV:N/AC:L/AT:N/PR:N/UI:N/VC:N/VI:N/VA:N/SC:N/SI:N/SA:N	-
server_security_misconfiguration.mail_server_misconfiguration.no_spoofing_protection_on_email_domain	P3	Server Security Misconfiguration > Mail Server Misconfiguration > No Spoofing Protection on Email Domain	AV:N/AC:L/PR:N/UI:R/S:U/C:L/I:L/A:N	CVSS:4.0/AV:N/AC:L/AT:N/PR:N/UI:P/VC:L/VI:L/VA:N/SC:N/SI:N/SA:N	-
server_security_misconfiguration.misconfigured_dns.missing_caa_record	P5	Server Security Misconfiguration > Misconfigured DNS > Missing Certification Authority Authorization (CAA) Record	AV:N/AC:H/PR:N/UI:N/S:U/C:N/I:N/A:N	CVSS:4.0/AV:N/AC:H/AT:N/PR:N/UI:N/VC:N/VI:N/VA:N/SC:N/SI:N/SA:N	-
server_security_misconfiguration.misconfigured_dns.subdomain_takeover	P3	Server Security Misconfiguration > Misconfigured DNS > Subdomain Takeover	AV:N/AC:L/PR:N/UI:N/S:U/C:L/I:L/A:N	CVSS:4.0/AV:N/AC:L/AT:N/PR:N/UI:N/VC:L/VI:L/VA:N/SC:N/SI:N/SA:N	-
server_security_misconfiguration.misconfigured_dns.zone_transfer	P4	Server Security Misconfiguration > Misconfigured DNS > Zone Transfer	AV:N/AC:L/PR:N/UI:N/S:U/C:L/I:N/A:N	CVSS:4.0/AV:N/AC:L/AT:N/PR:N/UI:N/VC:L/VI:N/VA:N/SC:N/SI:N/SA:N	CWE-669
server_security_misconfiguration.missing_dnssec	P5	Server Security Misconfiguration > Missing DNSSEC	AV:N/AC:H/PR:N/UI:N/S:U/C:N/I:N/A:N	CVSS:4.0/AV:N/AC:H/AT:N/PR:N/UI:N/VC:N/VI:N/VA:N/SC:N/SI:N/SA:N	-
server_security_misconfiguration.missing_secure_or_httponly_cookie_flag.non_session_cookie	P5	Server Security Misconfiguration > Missing Secure or HTTPOnly Cookie Flag > Non-Session Cookie	-	CVSS:4.0/AV:N/AC:L/AT:N/PR:N/UI:N/VC:N/VI:N/VA:N/SC:N/SI:N/SA:N	-
server_security_misconfiguration.missing_secure_or_httponly_cookie_flag.session_token	P4	Server Security Misconfiguration > Missing Secure or HTTPOnly Cookie Flag > Session Token	AV:N/AC:H/PR:N/UI:N/S:U/C:L/I:N/A:N	CVSS:4.0/AV:N/AC:H/AT:N/PR:N/UI:N/VC:L/VI:N/VA:N/SC:N/SI:N/SA:N	-
server_security_misconfiguration.missing_subresource_integrity	P5	Server Security Misconfiguration > Missing Subresource Integrity	AV:N/AC:H/PR:N/UI:N/S:U/C:N/I:N/A:N	CVSS:4.0/AV:N/AC:H/AT:N/PR:N/UI:N/VC:N/VI:N/VA:N/SC:N/SI:N/SA:N	-
server_security_misconfiguration.no_rate_limiting_on_form.change_password	P5	Server Security Misconfiguration > No Rate Limiting on Form > Change Password	AV:P/AC:L/PR:H/UI:N/S:U/C:N/I:L/A:L	CVSS:4.0/AV:P/AC:L/AT:N/PR:H/UI:N/VC:N/VI:L/VA:L/SC:N/SI:N/SA:N	-
server_security_misconfiguration.no_rate_limiting_on_form.email_triggering	P4	Server Security Misconfiguration > No Rate Limiting on Form > Email-Triggering	-	CVSS:4.0/AV:N/AC:L/AT:N/PR:N/UI:N/VC:N/VI:L/VA:N/SC:N/SI:N/SA:N	-
server_security_misconfiguration.no_rate_limiting_on_form.login	P4	Server Security Misconfiguration > No Rate Limiting on Form > Login	AV:N/AC:L/PR:N/UI:N/S:U/C:L/I:L/A:N	CVSS:4.0/AV:N/AC:L/AT:N/PR:N/UI:N/VC:L/VI:L/VA:N/SC:N/SI:N/SA:N	CWE-307
server_security_misconfiguration.no_rate_limiting_on_form.registration	P4	Server Security Misconfiguration > No Rate Limiting on Form > Registration	-	CVSS:4.0/AV:N/AC:L/AT:N/PR:N/UI:N/VC:N/VI:L/VA:N/SC:N/SI:N/SA:N	-
server_security_misconfiguration.no_rate_limiting_on_form.sms_triggering	P4	Server Security Misconfiguration > No Rate Limiting on Form > SMS-Triggering	-	CVSS:4.0/AV:N/AC:L/AT:N/PR:N/UI:N/VC:N/VI:L/VA:N/SC:N/SI:N/SA:N	-
server_security_misconfiguration.oauth_misconfiguration.account_squatting	P4	Server Security Misconfiguration > OAuth Misconfiguration > Account Squatting	AV:N/AC:H/PR:N/UI:R/S:U/C:L/I:N/A:N	CVSS:4.0/AV:N/AC:H/AT:N/PR:N/UI:P/VC:L/VI:N/VA:N/SC:N/SI:N/SA:N	-
server_security_misconfiguration.oauth_misconfiguration.account_takeover	P2	Server Security Misconfiguration > OAuth Misconfiguration > Account Takeover	AV:N/AC:L/PR:N/UI:R/S:U/C:H/I:H/A:H	CVSS:4.0/AV:N/AC:L/AT:N/PR:N/UI:P/VC:H/VI:H/VA:H/SC:N/SI:N/SA:N	-
server_security_misconfiguration.oauth_misconfiguration.insecure_redirect_uri	P?	Server Security Misconfiguration > OAuth Misconfiguration > Insecure Redirect URI	AV:N/AC:L/PR:N/UI:N/S:U/C:N/I:N/A:N	CVSS:4.0/AV:N/AC:L/AT:N/PR:N/UI:N/VC:N/VI:N/VA:N/SC:N/SI:N/SA:N	CWE-601
server_security_misconfiguration.oauth_misconfiguration.missing_state_parameter	P?	Server Security Misconfiguration > OAuth Misconfiguration > Missing/Broken State Parameter	AV:N/AC:L/PR:N/UI:N/S:U/C:N/I:N/A:N	CVSS:4.0/AV:N/AC:L/AT:N/PR:N/UI:N/VC:N/VI:N/VA:N/SC:N/SI:N/SA:N	CWE-352
server_security_misconfiguration.path_traversal	P?	Server Security Misconfiguration > Path Traversal	-	CVSS:4.0/AV:N/AC:L/AT:N/PR:N/UI:N/VC:N/VI:N/VA:N/SC:N/SI:N/SA:N	CWE-22;CWE-73
server_security_misconfiguration.potentially_unsafe_http_method_enabled.options	P5	Server Security Misconfiguration > Potentially Unsafe HTTP Method Enabled > OPTIONS	-	CVSS:4.0/AV:N/AC:L/AT:N/PR:N/UI:N/VC:N/VI:N/VA:N/SC:N/SI:N/SA:N	-
server_security_misconfiguration.potentially_unsafe_http_method_enabled.trace	P5	Server Security Misconfiguration > Potentially Unsafe HTTP Method Enabled > TRACE	-	CVSS:4.0/AV:N/AC:L/AT:N/PR:N/UI:N/VC:N/VI:N/VA:N/SC:N/SI:N/SA:N	-
server_security_misconfiguration.race_condition	P?	Server Security Misconfiguration > Race Condition	-	CVSS:4.0/AV:N/AC:L/AT:N/PR:N/UI:N/VC:N/VI:N/VA:N/SC:N/SI:N/SA:N	CWE-362;CWE-366;CWE-368;CWE-421
server_security_misconfiguration.request_smuggling	P?	Server Security Misconfiguration > HTTP Request Smuggling	-	CVSS:4.0/AV:N/AC:L/AT:N/PR:N/UI:N/VC:N/VI:N/VA:N/SC:N/SI:N/SA:N	CWE-444
server_security_misconfiguration.rfd	P5	Server Security Misconfiguration > Reflected File Download (RFD)	AV:N/AC:H/PR:N/UI:R/S:C/C:N/I:L/A:N	CVSS:4.0/AV:N/AC:H/AT:N/PR:N/UI:P/VC:N/VI:L/VA:N/SC:N/SI:N/SA:N	-
server_security_misconfiguration.same_site_scripting	P5	Server Security Misconfiguration > Same-Site Scripting	AV:L/AC:H/PR:L/UI:R/S:C/C:L/I:L/A:N	CVSS:4.0/AV:L/AC:H/AT:N/PR:L/UI:P/VC:L/VI:L/VA:N/SC:N/SI:N/SA:N	-
server_security_misconfiguration.server_side_request_forgery_ssrf.external_dns_query_only	P5	Server Security Misconfiguration > Server-Side Request Forgery (SSRF) > External - DNS Query Only	AV:N/AC:H/PR:N/UI:N/S:C/C:N/I:N/A:L	CVSS:4.0/AV:N/AC:H/AT:N/PR:N/UI:N/VC:N/VI:N/VA:L/SC:N/SI:N/SA:N	-
server_security_misconfiguration.server_side_request_forgery_ssrf.external_low_impact	P5	Server Security Misconfiguration > Server-Side Request Forgery (SSRF) > External - Low impact	AV:N/AC:H/PR:N/UI:N/S:C/C:N/I:N/A:L	CVSS:4.0/AV:N/AC:H/AT:N/PR:N/UI:N/VC:N/VI:N/VA:L/SC:N/SI:N/SA:N	-
server_security_misconfiguration.server_side_request_forgery_ssrf.internal_secrets_exposure	P2	Server Security Misconfiguration > Server-Side Request Forgery (SSRF) > Internal Secrets Exposure	AV:N/AC:L/PR:N/UI:N/S:C/C:H/I:L/A:N	CVSS:4.0/AV:N/AC:L/AT:N/PR:N/UI:N/VC:N/VI:N/VA:N/SC:H/SI:L/SA:N	-
server_security_misconfiguration.server_side_request_forgery_ssrf.internal_data_exposure	P3	Server Security Misconfiguration > Server-Side Request Forgery (SSRF) > Internal Data Exposure	AV:N/AC:L/PR:N/UI:N/S:C/C:L/I:N/A:N	CVSS:4.0/AV:N/AC:L/AT:N/PR:N/UI:N/VC:N/VI:N/VA:N/SC:H/SI:N/SA:N	-
server_security_misconfiguration.server_side_request_forgery_ssrf.internal_port_service_scan	P3	Server Security Misconfiguration > Server-Side Request Forgery (SSRF) > Internal Port Service Scan	AV:N/AC:L/PR:N/UI:N/S:C/C:L/I:N/A:N	CVSS:4.0/AV:N/AC:L/AT:N/PR:N/UI:N/VC:N/VI:N/VA:N/SC:L/SI:L/SA:N	-
server_security_misconfiguration.server_side_request_forgery_ssrf.internal_exposure_presence_data_secrets	P4	Server Security Misconfiguration > Server-Side Request Forgery (SSRF) > Internal Exposure of the Presence of Data/Secrets	AV:N/AC:L/PR:N/UI:N/S:C/C:L/I:N/A:N	CVSS:4.0/AV:N/AC:L/AT:N/PR:N/UI:N/VC:N/VI:N/VA:N/SC:L/SI:N/SA:N	-
server_security_misconfiguration.server_side_request_forgery_ssrf.internal_port_scan_only	P4	Server Security Misconfiguration > Server-Side Request Forgery (SSRF) > Internal Port Scan Only	AV:N/AC:L/PR:N/UI:N/S:C/C:L/I:N/A:N	CVSS:4.0/AV:N/AC:L/AT:N/PR:N/UI:N/VC:N/VI:N/VA:N/SC:L/SI:N/SA:N	-
server_security_misconfiguration.software_package_takeover	P?	Server Security Misconfiguration > Software Package Takeover	-	CVSS:4.0/AV:N/AC:L/AT:N/PR:N/UI:N/VC:N/VI:N/VA:N/SC:N/SI:N/SA:N	-
server_security_misconfiguration.ssl_attack_breach_poodle_etc	P?	Server Security Misconfiguration > SSL Attack (BREACH, POODLE etc.)	-	CVSS:4.0/AV:N/AC:L/AT:N/PR:N/UI:N/VC:N/VI:N/VA:N/SC:N/SI:N/SA:N	CWE-310
server_security_misconfiguration.unsafe_cross_origin_resource_sharing	P?	Server Security Misconfiguration > Unsafe Cross-Origin Resource Sharing	-	CVSS:4.0/AV:N/AC:L/AT:N/PR:N/UI:N/VC:N/VI:N/VA:N/SC:N/SI:N/SA:N	CWE-942
server_security_misconfiguration.unsafe_file_upload.file_extension_filter_bypass	P5	Server Security Misconfiguration > Unsafe File Upload > File Extension Filter Bypass	-	CVSS:4.0/AV:N/AC:L/AT:N/PR:N/UI:N/VC:N/VI:N/VA:N/SC:N/SI:N/SA:N	CWE-434;CWE-646
server_security_misconfiguration.unsafe_file_upload.no_antivirus	P5	Server Security Misconfiguration > Unsafe File Upload > No Antivirus	AV:N/AC:H/PR:N/UI:R/S:C/C:N/I:L/A:N	CVSS:4.0/AV:N/AC:H/AT:N/PR:N/UI:P/VC:N/VI:L/VA:N/SC:N/SI:N/SA:N	-
server_security_misconfiguration.unsafe_file_upload.no_size_limit	P5	Server Security Misconfiguration > Unsafe File Upload > No Size Limit	AV:N/AC:H/PR:N/UI:N/S:U/C:N/I:N/A:L	CVSS:4.0/AV:N/AC:H/AT:N/PR:N/UI:N/VC:N/VI:N/VA:L/SC:N/SI:N/SA:N	-
server_security_misconfiguration.username_enumeration.brute_force	P5	Server Security Misconfiguration > Username/Email Enumeration > Brute Force	-	CVSS:4.0/AV:N/AC:L/AT:N/PR:N/UI:N/VC:N/VI:N/VA:N/SC:N/SI:N/SA:N	-
server_security_misconfiguration.using_default_credentials	P1	Server Security Misconfiguration > Using Default Credentials	AV:N/AC:L/PR:N/UI:N/S:U/C:H/I:H/A:L	CVSS:4.0/AV:N/AC:L/AT:N/PR:N/UI:N/VC:H/VI:H/VA:L/SC:N/SI:N/SA:N	CWE-255;CWE-521
server_security_misconfiguration.waf_bypass.direct_server_access	P4	Server Security Misconfiguration > Web Application Firewall (WAF) Bypass > Direct Server Access	AV:N/AC:H/PR:N/UI:N/S:U/C:N/I:N/A:L	CVSS:4.0/AV:N/AC:H/AT:N/PR:N/UI:N/VC:N/VI:N/VA:L/SC:N/SI:N/SA:N	-
server_security_misconfiguration.misconfigured_file_share.anonymous_ftp_enabled	P?	Server Security Misconfiguration > Misconfigured File Share > Anonymous FTP Enabled	AV:N/AC:L/PR:N/UI:N/S:U/C:H/I:N/A:N	CVSS:4.0/AV:N/AC:L/AT:N/PR:N/UI:N/VC:H/VI:N/VA:N/SC:N/SI:N/SA:N	-
server_security_misconfiguration.misconfigured_file_share.anonymous_smb_enabled	P?	Server Security Misconfiguration > Misconfigured File Share > Anonymous SMB Enabled	AV:N/AC:L/PR:N/UI:N/S:U/C:H/I:N/A:N	CVSS:4.0/AV:N/AC:L/AT:N/PR:N/UI:N/VC:H/VI:N/VA:N/SC:N/SI:N/SA:N	-
server_security_misconfiguration.misconfigured_file_share.non_sensitive_data_exposure_ftp_smb	P5	Server Security Misconfiguration > Misconfigured File Share > Non-Sensitive Data Exposure via Anonymous FTP/SMB Enabled	AV:N/AC:L/PR:N/UI:N/S:U/C:N/I:N/A:N	CVSS:4.0/AV:N/AC:L/AT:N/PR:N/UI:N/VC:N/VI:N/VA:N/SC:N/SI:N/SA:N	-
server_security_misconfiguration.misconfigured_security_headers.insecure_csp	P5	Server Security Misconfiguration > Misconfigured Security Headers  > Insecure Content-Security-Policy	AV:N/AC:L/PR:N/UI:N/S:U/C:N/I:N/A:N	CVSS:4.0/AV:N/AC:L/AT:N/PR:N/UI:N/VC:N/VI:N/VA:N/SC:N/SI:N/SA:N	-
server_side_injection.content_spoofing.email_html_injection	P4	Server-Side Injection > Content Spoofing > Email HTML Injection	AV:N/AC:H/PR:N/UI:R/S:U/C:N/I:L/A:N	CVSS:4.0/AV:N/AC:H/AT:N/PR:N/UI:P/VC:N/VI:L/VA:N/SC:N/SI:N/SA:N	-
server_side_injection.content_spoofing.email_hyperlink_injection_based_on_email_provider	P5	Server-Side Injection > Content Spoofing > Email Hyperlink Injection Based on Email Provider	-	CVSS:4.0/AV:N/AC:H/AT:N/PR:N/UI:P/VC:N/VI:N/VA:N/SC:N/SI:N/SA:N	-
server_side_injection.content_spoofing.external_authentication_injection	P4	Server-Side Injection > Content Spoofing > External Authentication Injection	AV:N/AC:H/PR:N/UI:R/S:U/C:N/I:L/A:N	CVSS:4.0/AV:N/AC:H/AT:N/PR:N/UI:P/VC:N/VI:L/VA:N/SC:N/SI:N/SA:N	-
server_side_injection.content_spoofing.flash_based_external_authentication_injection	P5	Server-Side Injection > Content Spoofing > Flash Based External Authentication Injection	-	CVSS:4.0/AV:N/AC:H/AT:N/PR:N/UI:P/VC:N/VI:N/VA:N/SC:N/SI:N/SA:N	-
server_side_injection.content_spoofing.homograph_idn_based	P5	Server-Side Injection > Content Spoofing > Homograph/IDN-Based	-	CVSS:4.0/AV:N/AC:H/AT:N/PR:N/UI:P/VC:N/VI:N/VA:N/SC:N/SI:N/SA:N	CWE-1007
server_side_injection.content_spoofing.html_content_injection	P5	Server-Side Injection > Content Spoofing > HTML Content Injection	AV:N/AC:L/PR:N/UI:N/S:U/C:N/I:N/A:N	CVSS:4.0/AV:N/AC:L/AT:N/PR:N/UI:N/VC:N/VI:N/VA:N/SC:N/SI:N/SA:N	-
server_side_injection.content_spoofing.iframe_injection	P3	Server-Side Injection > Content Spoofing > iframe Injection	AV:N/AC:H/PR:N/UI:R/S:U/C:L/I:L/A:N	CVSS:4.0/AV:N/AC:H/AT:N/PR:N/UI:P/VC:L/VI:L/VA:N/SC:N/SI:N/SA:N	-
server_side_injection.content_spoofing.impersonation_via_broken_link_hijacking	P4	Server-Side Injection > Content Spoofing > Impersonation via Broken Link Hijacking	AV:N/AC:L/PR:N/UI:R/S:U/C:N/I:L/A:N	CVSS:4.0/AV:N/AC:L/AT:N/PR:N/UI:P/VC:N/VI:L/VA:N/SC:N/SI:N/SA:N	-
server_side_injection.content_spoofing.rtlo	P5	Server-Side Injection > Content Spoofing > Right-to-Left Override (RTLO)	-	CVSS:4.0/AV:N/AC:H/AT:N/PR:N/UI:P/VC:N/VI:N/VA:N/SC:N/SI:N/SA:N	-
server_side_injection.content_spoofing.text_injection	P5	Server-Side Injection > Content Spoofing > Text Injection	-	CVSS:4.0/AV:N/AC:H/AT:N/PR:N/UI:P/VC:N/VI:N/VA:N/SC:N/SI:N/SA:N	-
server_side_injection.content_spoofing.self_email_html_injection	P5	Server-Side Injection > Content Spoofing > Self Email HTML Injection	AV:N/AC:L/PR:L/UI:R/S:U/C:N/I:N/A:N	CVSS:4.0/AV:N/AC:L/AT:N/PR:L/UI:A/VC:N/VI:N/VA:N/SC:N/SI:N/SA:N	-
server_side_injection.exposed_data.non_sensitive_data	P5	Server-Side Injection > Exposed Data > Non Sensitive Data	-	CVSS:4.0/AV:N/AC:L/AT:N/PR:N/UI:N/VC:N/VI:N/VA:N/SC:N/SI:N/SA:N	-
server_side_injection.exposed_data.sensitive_data	P?	Server-Side Injection > Exposed Data > Sensitive Data	-	CVSS:4.0/AV:N/AC:L/AT:N/PR:N/UI:N/VC:N/VI:N/VA:N/SC:N/SI:N/SA:N	-
server_side_injection.file_inclusion.local	P1	Server-Side Injection > File Inclusion > Local	-	CVSS:4.0/AV:N/AC:L/AT:N/PR:N/UI:N/VC:H/VI:L/VA:N/SC:N/SI:N/SA:N	-
server_side_injection.http_response_manipulation.response_splitting_crlf	P3	Server-Side Injection > HTTP Response Manipulation > Response Splitting (CRLF)	-	CVSS:4.0/AV:N/AC:L/AT:N/PR:N/UI:P/VC:L/VI:L/VA:N/SC:N/SI:N/SA:N	CWE-113
server_side_injection.ldap_injection	P?	Server-Side Injection > LDAP Injection	-	CVSS:4.0/AV:N/AC:L/AT:N/PR:N/UI:N/VC:N/VI:N/VA:N/SC:N/SI:N/SA:N	CWE-90
server_side_injection.parameter_pollution.social_media_sharing_buttons	P5	Server-Side Injection > Parameter Pollution > Social Media Sharing Buttons	-	CVSS:4.0/AV:N/AC:L/AT:N/PR:N/UI:N/VC:N/VI:N/VA:N/SC:N/SI:N/SA:N	-
server_side_injection.remote_code_execution_rce	P1	Server-Side Injection > Remote Code Execution (RCE)	AV:N/AC:L/PR:N/UI:N/S:U/C:H/I:H/A:H	CVSS:4.0/AV:N/AC:L/AT:N/PR:N/UI:N/VC:H/VI:H/VA:H/SC:N/SI:N/SA:N	CWE-77;CWE-78;CWE-94;CWE-95
server_side_injection.sql_injection	P1	Server-Side Injection > SQL Injection	AV:N/AC:L/PR:N/UI:N/S:U/C:H/I:L/A:N	CVSS:4.0/AV:N/AC:L/AT:N/PR:N/UI:N/VC:H/VI:L/VA:N/SC:N/SI:N/SA:N	CWE-89
server_side_injection.ssti.basic	P4	Server-Side Injection > Server-Side Template Injection (SSTI) > Basic	AV:N/AC:H/PR:N/UI:N/S:U/C:L/I:N/A:N	CVSS:4.0/AV:N/AC:H/AT:N/PR:N/UI:N/VC:L/VI:N/VA:N/SC:N/SI:N/SA:N	-
server_side_injection.ssti.custom	P?	Server-Side Injection > Server-Side Template Injection (SSTI) > Custom	-	CVSS:4.0/AV:N/AC:L/AT:N/PR:N/UI:N/VC:N/VI:N/VA:N/SC:N/SI:N/SA:N	-
server_side_injection.xml_external_entity_injection_xxe	P1	Server-Side Injection > XML External Entity Injection (XXE)	AV:N/AC:L/PR:N/UI:N/S:U/C:H/I:L/A:L	CVSS:4.0/AV:N/AC:L/AT:N/PR:N/UI:N/VC:H/VI:L/VA:L/SC:N/SI:N/SA:N	CWE-611
smart_contract_misconfiguration.bypass_of_function_modifiers_and_checks	P?	Smart Contract Misconfiguration > Bypass of Function Modifiers and Checks	-	CVSS:4.0/AV:N/AC:L/AT:N/PR:N/UI:N/VC:N/VI:N/VA:N/SC:N/SI:N/SA:N	-
smart_contract_misconfiguration.function_level_denial_of_service	P3	Smart Contract Misconfiguration > Function-level Denial of Service	-	CVSS:4.0/AV:N/AC:L/AT:N/PR:N/UI:N/VC:N/VI:N/VA:H/SC:N/SI:N/SA:N	-
smart_contract_misconfiguration.improper_decimals_implementation	P4	Smart Contract Misconfiguration > Improper Decimals Implementation	-	CVSS:4.0/AV:N/AC:L/AT:N/PR:N/UI:N/VC:N/VI:L/VA:N/SC:N/SI:N/SA:N	-
smart_contract_misconfiguration.improper_fee_implementation	P3	Smart Contract Misconfiguration > Improper Fee Implementation	-	CVSS:4.0/AV:N/AC:L/AT:N/PR:N/UI:N/VC:N/VI:L/VA:L/SC:N/SI:N/SA:N	-
smart_contract_misconfiguration.improper_use_of_modifier	P4	Smart Contract Misconfiguration > Improper Use of Modifier	-	CVSS:4.0/AV:N/AC:L/AT:N/PR:N/UI:N/VC:N/VI:L/VA:N/SC:N/SI:N/SA:N	-
smart_contract_misconfiguration.inaccurate_rounding_calculation	P?	Smart Contract Misconfiguration > Inaccurate Rounding Calculation	-	CVSS:4.0/AV:N/AC:L/AT:N/PR:N/UI:N/VC:N/VI:N/VA:N/SC:N/SI:N/SA:N	-
smart_contract_misconfiguration.integer_overflow_underflow	P2	Smart Contract Misconfiguration > Integer Overflow / Underflow	-	CVSS:4.0/AV:N/AC:L/AT:N/PR:N/UI:N/VC:N/VI:H/VA:L/SC:N/SI:N/SA:N	-
smart_contract_misconfiguration.irreversible_function_call	P3	Smart Contract Misconfiguration > Irreversible Function Call	-	CVSS:4.0/AV:N/AC:L/AT:N/PR:N/UI:N/VC:N/VI:L/VA:L/SC:N/SI:N/SA:N	-
smart_contract_misconfiguration.malicious_superuser_risk	P3	Smart Contract Misconfiguration > Malicious Superuser Risk	-	CVSS:4.0/AV:N/AC:H/AT:N/PR:H/UI:N/VC:H/VI:H/VA:H/SC:N/SI:N/SA:N	-
smart_contract_misconfiguration.reentrancy_attack	P1	Smart Contract Misconfiguration > Reentrancy Attack	-	CVSS:4.0/AV:N/AC:L/AT:N/PR:N/UI:N/VC:N/VI:H/VA:H/SC:N/SI:N/SA:N	-
smart_contract_misconfiguration.smart_contract_owner_takeover	P1	Smart Contract Misconfiguration > Smart Contract Owner Takeover	-	CVSS:4.0/AV:N/AC:L/AT:N/PR:N/UI:N/VC:H/VI:H/VA:H/SC:N/SI:N/SA:N	-
smart_contract_misconfiguration.unauthorized_smart_contract_approval	P2	Smart Contract Misconfiguration > Unauthorized Smart Contract Approval	-	CVSS:4.0/AV:N/AC:L/AT:N/PR:N/UI:N/VC:N/VI:H/VA:L/SC:N/SI:N/SA:N	-
smart_contract_misconfiguration.unauthorized_transfer_of_funds	P1	Smart Contract Misconfiguration > Unauthorized Transfer of Funds	-	CVSS:4.0/AV:N/AC:L/AT:N/PR:N/UI:N/VC:N/VI:H/VA:H/SC:N/SI:N/SA:N	-
smart_contract_misconfiguration.uninitialized_variables	P1	Smart Contract Misconfiguration > Uninitialized Variables	-	CVSS:4.0/AV:N/AC:L/AT:N/PR:N/UI:N/VC:L/VI:H/VA:H/SC:N/SI:N/SA:N	-
societal_biases.confirmation_bias	P?	Societal Biases > Confirmation Bias	-	CVSS:4.0/AV:N/AC:L/AT:N/PR:N/UI:N/VC:N/VI:N/VA:N/SC:N/SI:N/SA:N	-
societal_biases.systemic_bias	P?	Societal Biases > Systemic Bias	-	CVSS:4.0/AV:N/AC:L/AT:N/PR:N/UI:N/VC:N/VI:N/VA:N/SC:N/SI:N/SA:N	-
unvalidated_redirects_and_forwards.lack_of_security_speed_bump_page	P5	Unvalidated Redirects and Forwards > Lack of Security Speed Bump Page	-	CVSS:4.0/AV:N/AC:L/AT:N/PR:N/UI:N/VC:N/VI:N/VA:N/SC:N/SI:N/SA:N	-
unvalidated_redirects_and_forwards.open_redirect.flash_based	P5	Unvalidated Redirects and Forwards > Open Redirect > Flash-Based	-	CVSS:4.0/AV:N/AC:L/AT:N/PR:N/UI:N/VC:N/VI:N/VA:N/SC:N/SI:N/SA:N	-
unvalidated_redirects_and_forwards.open_redirect.get_based	P4	Unvalidated Redirects and Forwards > Open Redirect > GET-Based	AV:N/AC:L/PR:N/UI:R/S:U/C:N/I:L/A:N	CVSS:4.0/AV:N/AC:L/AT:N/PR:N/UI:P/VC:N/VI:L/VA:N/SC:N/SI:N/SA:N	-
unvalidated_redirects_and_forwards.open_redirect.header_based	P5	Unvalidated Redirects and Forwards > Open Redirect > Header-Based	-	CVSS:4.0/AV:N/AC:L/AT:N/PR:N/UI:N/VC:N/VI:N/VA:N/SC:N/SI:N/SA:N	-
unvalidated_redirects_and_forwards.open_redirect.post_based	P5	Unvalidated Redirects and Forwards > Open Redirect > POST-Based	-	CVSS:4.0/AV:N/AC:L/AT:N/PR:N/UI:N/VC:N/VI:N/VA:N/SC:N/SI:N/SA:N	-
unvalidated_redirects_and_forwards.tabnabbing	P5	Unvalidated Redirects and Forwards > Tabnabbing	-	CVSS:4.0/AV:N/AC:L/AT:N/PR:N/UI:N/VC:N/VI:N/VA:N/SC:N/SI:N/SA:N	CWE-1022
using_components_with_known_vulnerabilities.captcha_bypass.ocr_optical_character_recognition	P5	Using Components with Known Vulnerabilities > Captcha Bypass > OCR (Optical Character Recognition)	-	CVSS:4.0/AV:N/AC:L/AT:N/PR:N/UI:N/VC:N/VI:N/VA:N/SC:N/SI:N/SA:N	-
using_components_with_known_vulnerabilities.outdated_software_version	P5	Using Components with Known Vulnerabilities > Outdated Software Version	-	CVSS:4.0/AV:N/AC:L/AT:N/PR:N/UI:N/VC:N/VI:N/VA:N/SC:N/SI:N/SA:N	-
using_components_with_known_vulnerabilities.rosetta_flash	P5	Using Components with Known Vulnerabilities > Rosetta Flash	AV:N/AC:H/PR:N/UI:R/S:U/C:N/I:N/A:N	CVSS:4.0/AV:N/AC:H/AT:N/PR:N/UI:P/VC:N/VI:N/VA:N/SC:N/SI:N/SA:N	-
using_components_with_known_vulnerabilities.unpatched_javascript_libraries	P5	Using Components with Known Vulnerabilities > Unpatched Javascript Libraries	AV:N/AC:L/PR:N/UI:N/S:U/C:N/I:N/A:N	CVSS:4.0/AV:N/AC:L/AT:N/PR:N/UI:N/VC:N/VI:N/VA:N/SC:N/SI:N/SA:N	-
zero_knowledge_security_misconfiguration.deanonymization_of_data	P1	Zero Knowledge Security Misconfiguration > Deanonymization of Data	-	CVSS:4.0/AV:N/AC:L/AT:N/PR:N/UI:N/VC:H/VI:N/VA:N/SC:N/SI:N/SA:N	-
zero_knowledge_security_misconfiguration.improper_proof_validation_and_finalization_logic	P1	Zero Knowledge Security Misconfiguration > Improper Proof Validation and Finalization Logic	-	CVSS:4.0/AV:N/AC:L/AT:N/PR:N/UI:N/VC:N/VI:H/VA:H/SC:N/SI:N/SA:N	-
zero_knowledge_security_misconfiguration.misconfigured_trusted_setup	P?	Zero Knowledge Security Misconfiguration > Misconfigured Trusted Setup	-	CVSS:4.0/AV:N/AC:L/AT:N/PR:N/UI:N/VC:N/VI:N/VA:N/SC:N/SI:N/SA:N	-
zero_knowledge_security_misconfiguration.mismatching_bit_lengths	P?	Zero Knowledge Security Misconfiguration > Mismatching Bit Lengths	-	CVSS:4.0/AV:N/AC:L/AT:N/PR:N/UI:N/VC:N/VI:N/VA:N/SC:N/SI:N/SA:N	-
zero_knowledge_security_misconfiguration.missing_constraint	P?	Zero Knowledge Security Misconfiguration > Missing Constraint	-	CVSS:4.0/AV:N/AC:L/AT:N/PR:N/UI:N/VC:N/VI:N/VA:N/SC:N/SI:N/SA:N	-
zero_knowledge_security_misconfiguration.missing_range_check	P?	Zero Knowledge Security Misconfiguration > Missing Range Check	-	CVSS:4.0/AV:N/AC:L/AT:N/PR:N/UI:N/VC:N/VI:N/VA:N/SC:N/SI:N/SA:N	-
active_directory.sscm_abuse.pxe_boot_media_theft	P?	Active Directory (AD) > SCCM Abuse > PXE Boot Media Theft	AV:A/AC:H/PR:N/UI:N/S:C/C:H/I:H/A:N	CVSS:4.0/AV:A/AC:H/AT:P/PR:N/UI:N/VC:N/VI:N/VA:N/SC:H/SI:H/SA:N	-
active_directory.sscm_abuse.distribution_point_anonymous_access	P?	Active Directory (AD) > SCCM Abuse > Distribution Point Permits Anonymous Access	AV:A/AC:L/PR:N/UI:N/S:C/C:H/I:N/A:N	CVSS:4.0/AV:A/AC:L/AT:N/PR:N/UI:N/VC:N/VI:N/VA:N/SC:H/SI:N/SA:N	-
active_directory.sscm_abuse.automatic_device_approval	P?	Active Directory (AD) > SCCM Abuse > Automatic Device Approval Enabled	AV:A/AC:L/PR:N/UI:N/S:C/C:L/I:H/A:N	CVSS:4.0/AV:A/AC:L/AT:N/PR:N/UI:N/VC:N/VI:N/VA:N/SC:L/SI:H/SA:N	-
active_directory.sscm_abuse.ntlm_management_point_site_database	P?	Active Directory (AD) > SCCM Abuse > NTLM Relay From Management Point to Site Database	AV:A/AC:L/PR:L/UI:N/S:C/C:H/I:H/A:N	CVSS:4.0/AV:A/AC:L/AT:N/PR:L/UI:N/VC:N/VI:N/VA:N/SC:H/SI:H/SA:N	-
active_directory.sscm_abuse.ntlm_site_server_site_systems	P?	Active Directory (AD) > SCCM Abuse > NTLM Relay From Site Server To Site Systems	AV:A/AC:L/PR:L/UI:N/S:C/C:H/I:H/A:N	CVSS:4.0/AV:A/AC:L/AT:N/PR:L/UI:N/VC:N/VI:N/VA:N/SC:H/SI:H/SA:N	-
active_directory.sscm_abuse.ntlm_automatic_push_installation	P?	Active Directory (AD) > SCCM Abuse > NTLM Relay Via Automatic Client Push Installation	AV:A/AC:L/PR:L/UI:N/S:C/C:H/I:H/A:H	CVSS:4.0/AV:A/AC:L/AT:N/PR:L/UI:N/VC:N/VI:N/VA:N/SC:H/SI:H/SA:H	-
active_directory.sscm_abuse.privileged_credentials_exposed	P?	Active Directory (AD) > SCCM Abuse > Privileged Credentials Exposed In Task Sequences, Collection Variables or Network Access Account	AV:A/AC:L/PR:L/UI:N/S:C/C:H/I:H/A:N	CVSS:4.0/AV:A/AC:L/AT:N/PR:L/UI:N/VC:N/VI:N/VA:N/SC:H/SI:H/SA:N	-
active_directory.kerberos_abuse.domain_compromise_unconstrained_delegated	P1	Active Directory (AD) > Kerberos Abuse > Domain Compromise via Unconstrained Delegated	AV:A/AC:L/PR:L/UI:N/S:C/C:H/I:H/A:H	CVSS:4.0/AV:A/AC:L/AT:N/PR:L/UI:N/VC:H/VI:H/VA:H/SC:H/SI:H/SA:H	-
active_directory.kerberos_abuse.insecure_service_account_management	P2	Active Directory (AD) > Kerberos Abuse > Insecure Service Account Management (Kerberoasting)	AV:A/AC:L/PR:L/UI:N/S:C/C:H/I:H/A:N	CVSS:4.0/AV:A/AC:L/AT:P/PR:L/UI:N/VC:H/VI:H/VA:N/SC:H/SI:H/SA:N	-
active_directory.kerberos_abuse.no_pre_authentication	P2	Active Directory (AD) > Kerberos Abuse > User Does Not Require Pre-authentication (ASREPRoasting)	AV:A/AC:L/PR:N/UI:N/S:C/C:H/I:H/A:N	CVSS:4.0/AV:A/AC:L/AT:P/PR:N/UI:N/VC:H/VI:H/VA:N/SC:H/SI:H/SA:N	-
active_directory.misconfigured_active_directory_certificate_services	P?	Active Directory (AD) > Misconfigured Active Directory Certificate Services (ADCS)	AV:A/AC:L/PR:L/UI:N/S:C/C:H/I:H/A:N	CVSS:4.0/AV:A/AC:L/AT:N/PR:L/UI:N/VC:H/VI:H/VA:N/SC:H/SI:H/SA:N	-
active_directory.configuration_weaknesses.passwords_found_domain_description	P?	Active Directory (AD) > Configuration Weaknesses > Passwords Found within Domain User Account Description	AV:A/AC:L/PR:L/UI:N/S:C/C:H/I:H/A:N	CVSS:4.0/AV:A/AC:L/AT:N/PR:L/UI:N/VC:H/VI:H/VA:N/SC:H/SI:H/SA:N	-
active_directory.configuration_weaknesses.weak_domain_password_policy	P2	Active Directory (AD) > Configuration Weaknesses > Weak Domain Password Policy	AV:A/AC:L/PR:N/UI:N/S:C/C:H/I:H/A:N	CVSS:4.0/AV:A/AC:L/AT:P/PR:N/UI:N/VC:H/VI:H/VA:N/SC:H/SI:H/SA:N	-
active_directory.configuration_weaknesses.shared_administrator_passwords	P2	Active Directory (AD) > Configuration Weaknesses > Shared Administrator Passwords	AV:A/AC:L/PR:L/UI:N/S:C/C:H/I:H/A:H	CVSS:4.0/AV:A/AC:L/AT:N/PR:L/UI:N/VC:H/VI:H/VA:N/SC:H/SI:H/SA:H	-
active_directory.configuration_weaknesses.excessive_domain_admin_membership	P3	Active Directory (AD) > Configuration Weaknesses > Excessive Domain Admin Membership	AV:A/AC:L/PR:L/UI:N/S:C/C:L/I:L/A:N	CVSS:4.0/AV:A/AC:L/AT:N/PR:L/UI:N/VC:N/VI:N/VA:N/SC:L/SI:L/SA:N	-
active_directory.configuration_weaknesses.dormant_enabled_user_accounts	P3	Active Directory (AD) > Configuration Weaknesses > Dormant / Inactive User Accounts Enabled in the Domain	AV:A/AC:L/PR:L/UI:N/S:C/C:L/I:L/A:N	CVSS:4.0/AV:A/AC:L/AT:P/PR:L/UI:N/VC:N/VI:N/VA:N/SC:L/SI:L/SA:N	-
active_directory.sensitive_data_exposure.ldap_anonymous_bind_enabled	P?	Active Directory (AD) > Sensitive Data Exposure > LDAP Anonymous Bind Enabled	AV:A/AC:L/PR:N/UI:N/S:C/C:H/I:N/A:N	CVSS:4.0/AV:A/AC:L/AT:N/PR:N/UI:N/VC:N/VI:N/VA:N/SC:H/SI:N/SA:N	-
active_directory.sensitive_data_exposure.sensitive_data_in_open_file_shares	P?	Active Directory (AD) > Sensitive Data Exposure > Sensitive Data in Open File Shares	AV:A/AC:L/PR:L/UI:N/S:C/C:H/I:N/A:N	CVSS:4.0/AV:A/AC:L/AT:N/PR:L/UI:N/VC:N/VI:N/VA:N/SC:H/SI:N/SA:N	-
active_directory.dacl_abuse	P?	Active Directory (AD) > DACL Abuse	AV:A/AC:L/PR:L/UI:N/S:C/C:H/I:H/A:N	CVSS:4.0/AV:A/AC:L/AT:N/PR:L/UI:N/VC:H/VI:H/VA:N/SC:H/SI:H/SA:N	-
